2011/1/1,¥j«F, 32.0, 25.333333,0.096666667,11.66666667,3
2011/1/2,¥j«F, 32.0, 22.000000,0.093333333,13.66666667,2.6
2011/1/3,¥j«F, 31.0,102.000000,0.586666667,14,1.366666667
2011/1/4,¥j«F, 34.0, 51.333333,0.246666667,12.66666667,2.633333333
2011/1/5,¥j«F, 36.0, 52.333333,0.230000000,15.66666667,2.7
2011/1/6,¥j«F, 32.0, 43.000000,0.190000000,14.66666667,3.666666667
2011/1/7,¥j«F, 36.0, 51.333333,0.183333333,11.33333333,2.4
2011/1/8,¥j«F, 28.0, 35.666667,0.123333333,14,2.8
2011/1/9,¥j«F, 35.0, 32.000000,0.113333333,16,2
2011/1/10,¥j«F, 34.0, 47.666667,0.176666667,12,2.9
2011/1/11,¥j«F, 37.0, 54.000000,0.216666667,11.66666667,2.5
2011/1/12,¥j«F, 30.0, 59.000000,0.243333333,9.433333333,2.533333333
2011/1/13,¥j«F, 35.0, 62.666667,0.253333333,13.66666667,2.7
2011/1/14,¥j«F, 30.0, 99.666667,0.733333333,16,1
2011/1/15,¥j«F, 33.0, 32.000000,0.183333333,14,1.4
2011/1/16,¥j«F, 33.0, 24.000000,0.086666667,8.3,2.1
2011/1/17,¥j«F, 35.0, 42.666667,0.173333333,11.66666667,2.766666667
2011/1/18,¥j«F, 35.0, 67.333333,0.296666667,15,2.266666667
2011/1/19,¥j«F, 28.0, 55.666667,0.236666667,17.33333333,2.666666667
2011/1/20,¥j«F, 32.0, 46.666667,0.193333333,17.33333333,3.233333333
2011/1/21,¥j«F, 34.0, 53.000000,0.250000000,15.33333333,1.533333333
2011/1/22,¥j«F, 36.0, 23.666667,0.096666667,15.33333333,4.366666667
2011/1/23,¥j«F, 27.0, 60.000000,0.426666667,15.66666667,1.533333333
2011/1/24,¥j«F, 33.0, 52.000000,0.260000000,13.33333333,2.333333333
2011/1/25,¥j«F, 38.0, 43.666667,0.186666667,13.66666667,2.633333333
2011/1/26,¥j«F, 33.0, 52.000000,0.193333333,15,2.4
2011/1/27,¥j«F, 35.0, 47.000000,0.196666667,16.33333333,3.2
2011/1/28,¥j«F, 25.0, 88.000000,0.576666667,17,1.3
2011/1/29,¥j«F, 33.0, 29.333333,0.103333333,12.33333333,2.4
2011/1/30,¥j«F, 38.0, 31.333333,0.143333333,11,2.133333333
2011/1/31,¥j«F, 38.0, 42.333333,0.160000000,10.66666667,2.233333333
2011/2/1,¥j«F, 41.0, 44.666667,0.200000000,15,2.7
2011/2/2,¥j«F, 31.0, 39.666667,0.246666667,15,0.9
2011/2/3,¥j«F, 44.0, 17.333333,0.083333333,17.33333333,1.866666667
2011/2/4,¥j«F, 51.0, 40.333333,0.290000000,16.66666667,0.9
2011/2/5,¥j«F, 62.0, 29.333333,0.136666667,17.33333333,2.8
2011/2/6,¥j«F, 59.0, 27.666667,0.150000000,15.66666667,1.3
2011/2/7,¥j«F, 58.0, 19.333333,0.100000000,20.33333333,2.533333333
2011/2/8,¥j«F, 68.0, 62.333333,0.396666667,18,1.333333333
2011/2/9,¥j«F, 48.0, 62.333333,0.313333333,21,2.2
2011/2/10,¥j«F, 58.0, 39.000000,0.263333333,18,1.9
2011/2/11,¥j«F, 44.0, 39.666667,0.183333333,14.66666667,2.166666667
2011/2/12,¥j«F, 41.0, 27.333333,0.113333333,12.66666667,3.133333333
2011/2/13,¥j«F, 35.0, 38.000000,0.190000000,15,1.766666667
2011/2/14,¥j«F, 33.0, 37.666667,0.206666667,12,2.2
2011/2/15,¥j«F, 42.0, 41.333333,0.156666667,11.66666667,3.3
2011/2/16,¥j«F, 36.0,110.666667,0.663333333,17.33333333,1.333333333
2011/2/17,¥j«F, 61.0,103.000000,0.850000000,16,1.9
2011/2/18,¥j«F, 37.0, 44.333333,0.186666667,16,3.066666667
2011/2/19,¥j«F, 45.0, 44.000000,0.160000000,15,2.2
2011/2/20,¥j«F, 34.0, 48.666667,0.263333333,14,1.366666667
2011/2/21,¥j«F, 45.0, 51.666667,0.233333333,14.33333333,2.2
2011/2/22,¥j«F, 47.0, 68.333333,0.420000000,15.66666667,1.266666667
2011/2/23,¥j«F, 41.0, 59.333333,0.283333333,18.33333333,1.7
2011/2/24,¥j«F, 31.0, 77.000000,0.386666667,19,1.6
2011/2/25,¥j«F, 48.0, 85.000000,0.470000000,20,2.266666667
2011/2/26,¥j«F, 46.0, 31.000000,0.120000000,20.33333333,3.7
2011/2/27,¥j«F, 83.0, 69.000000,0.576666667,19.33333333,1.1
2011/2/28,¥j«F, 70.0, 51.666667,0.333333333,19.66666667,1.333333333
2011/3/1,¥j«F, 31.0, 61.333333,0.473333333,18,1.266666667
2011/3/2,¥j«F, 42.0, 44.000000,0.233333333,13.66666667,3.333333333
2011/3/3,¥j«F, 46.0, 41.666667,0.183333333,15,3.233333333
2011/3/4,¥j«F, 49.0, 42.666667,0.166666667,12,2.966666667
2011/3/5,¥j«F, 53.0, 42.666667,0.163333333,16,2.933333333
2011/3/6,¥j«F,  9.3,114.000000,0.763333333,17,0.966666667
2011/3/7,¥j«F, 63.0, 61.333333,0.310000000,12.66666667,1.533333333
2011/3/8,¥j«F, 49.0, 29.000000,0.113333333,14,3.766666667
2011/3/9,¥j«F, 60.0, 34.666667,0.140000000,18.66666667,4.066666667
2011/3/10,¥j«F, 72.0, 53.000000,0.213333333,15,3.433333333
2011/3/11,¥j«F, 64.0, 42.000000,0.163333333,14,2.933333333
2011/3/12,¥j«F, 39.0, 44.000000,0.263333333,15,1.1
2011/3/13,¥j«F, 46.0, 38.333333,0.156666667,18,2.666666667
2011/3/14,¥j«F, 52.0, 78.000000,0.530000000,19.66666667,1.133333333
2011/3/15,¥j«F, 54.0, 36.000000,0.156666667,17.66666667,3.533333333
2011/3/16,¥j«F, 47.0, 49.333333,0.196666667,13,2.766666667
2011/3/17,¥j«F, 60.0, 23.333333,0.116666667,15.33333333,4.4
2011/3/18,¥j«F, 61.0, 47.000000,0.193333333,18.66666667,2.133333333
2011/3/19,¥j«F, 35.0, 71.333333,0.506666667,18.33333333,1.1
2011/3/20,¥j«F,119.0, 72.333333,0.543333333,22.33333333,1.133333333
2011/3/21,¥j«F, 42.0, 66.000000,0.546666667,24,0.9
2011/3/22,¥j«F, 49.0, 36.333333,0.156666667,15,2.966666667
2011/3/23,¥j«F, 53.0, 34.333333,0.133333333,13.33333333,4.1
2011/3/24,¥j«F, 58.0, 43.666667,0.183333333,14,3.133333333
2011/3/25,¥j«F, 54.0, 53.666667,0.223333333,15.33333333,2.133333333
2011/3/26,¥j«F, 53.0, 28.666667,0.090000000,13.33333333,3.4
2011/3/27,¥j«F, 47.0, 31.333333,0.093333333,13,2.533333333
2011/3/28,¥j«F, 60.0, 54.333333,0.200000000,13.66666667,2.1
2011/3/29,¥j«F, 70.0, 79.000000,0.386666667,18.66666667,2.566666667
2011/3/30,¥j«F, 81.0, 34.000000,0.146666667,17.33333333,4.066666667
2011/3/31,¥j«F, 55.0, 58.333333,0.246666667,19,2.733333333
2011/4/1,¥j«F, 56.0, 68.000000,0.370000000,21.33333333,1.266666667
2011/4/2,¥j«F,113.0, 36.000000,0.190000000,22,1.4
2011/4/3,¥j«F, 87.0, 34.333333,0.200000000,22,1.566666667
2011/4/4,¥j«F, 52.0, 19.666667,0.073333333,15.33333333,3.566666667
2011/4/5,¥j«F, 55.0, 19.333333,0.083333333,15.66666667,2.933333333
2011/4/6,¥j«F, 52.0, 39.333333,0.163333333,19.66666667,3.533333333
2011/4/7,¥j«F,107.0, 47.000000,0.420000000,22,1.3
2011/4/8,¥j«F, 55.0, 62.000000,0.410000000,22,1.533333333
2011/4/9,¥j«F, 50.0, 26.000000,0.110000000,20,3.833333333
2011/4/10,¥j«F, 94.0, 33.333333,0.280000000,22.33333333,1.733333333
2011/4/11,¥j«F, 55.0, 42.333333,0.206666667,21.66666667,2.233333333
2011/4/12,¥j«F, 59.0, 26.333333,0.106666667,20,4.4
2011/4/13,¥j«F, 67.0, 55.000000,0.396666667,22,1.533333333
2011/4/14,¥j«F, 98.0, 48.666667,0.390000000,22.66666667,1.166666667
2011/4/15,¥j«F, 70.0, 55.666667,0.460000000,24,1.5
2011/4/16,¥j«F, 44.0, 36.333333,0.293333333,25,1.4
2011/4/17,¥j«F, 58.0, 22.000000,0.086666667,19.66666667,2.633333333
2011/4/18,¥j«F, 55.0, 60.333333,0.350000000,21,1.4
2011/4/19,¥j«F, 77.0, 30.666667,0.140000000,21,4.6
2011/4/20,¥j«F, 70.0, 31.333333,0.130000000,20.66666667,3.733333333
2011/4/21,¥j«F,100.0, 39.333333,0.230000000,22,1.033333333
2011/4/22,¥j«F, 84.0, 59.666667,0.380000000,22.33333333,1.133333333
2011/4/23,¥j«F, 60.0, 34.333333,0.156666667,18.33333333,2.466666667
2011/4/24,¥j«F, 66.0, 42.000000,0.206666667,21.33333333,1.533333333
2011/4/25,¥j«F,118.0, 71.666667,0.433333333,21.66666667,1.4
2011/4/26,¥j«F, 89.0, 58.000000,0.423333333,23,1.733333333
2011/4/27,¥j«F, 93.0, 63.666667,0.433333333,25.66666667,2.1
2011/4/28,¥j«F, 80.0, 30.333333,0.156666667,24,3.366666667
2011/4/29,¥j«F, 54.0, 42.333333,0.240000000,25.33333333,1.233333333
2011/4/30,¥j«F,107.0, 39.333333,0.276666667,24,1.266666667
2011/5/1,¥j«F, 38.0, 52.333333,0.380000000,25.33333333,1.266666667
2011/5/2,¥j«F, 47.0, 68.666667,0.510000000,25.33333333,1.366666667
2011/5/3,¥j«F, 41.0, 61.000000,0.620000000,24.66666667,1.2
2011/5/4,¥j«F, 50.0, 34.666667,0.166666667,21.66666667,3.866666667
2011/5/5,¥j«F, 31.0, 49.666667,0.243333333,22.33333333,2.3
2011/5/6,¥j«F, 36.0, 68.333333,0.686666667,25,1.733333333
2011/5/7,¥j«F, 88.0, 61.000000,0.430000000,25,1.866666667
2011/5/8,¥j«F, 50.0, 36.333333,0.200000000,27.33333333,1.233333333
2011/5/9,¥j«F, 89.0, 42.333333,0.243333333,28.66666667,1.666666667
2011/5/10,¥j«F, 96.0, 40.666667,0.316666667,29.66666667,1.333333333
2011/5/11,¥j«F, 38.0, 39.000000,0.290000000,29.33333333,2.733333333
2011/5/12,¥j«F, 33.0, 51.333333,0.456666667,29.33333333,1.433333333
2011/5/13,¥j«F, 64.0, 39.666667,0.193333333,23,3.333333333
2011/5/14,¥j«F, 67.0, 29.333333,0.103333333,21.66666667,3.3
2011/5/15,¥j«F, 58.0, 50.333333,0.413333333,22.33333333,0.9
2011/5/16,¥j«F, 36.0, 56.666667,0.463333333,22,1.4
2011/5/17,¥j«F, 59.0, 54.333333,0.246666667,20,1.566666667
2011/5/18,¥j«F, 54.0, 29.000000,0.143333333,26.33333333,3.033333333
2011/5/19,¥j«F, 91.0, 52.666667,0.370000000,26,1.266666667
2011/5/20,¥j«F, 79.0, 45.666667,0.356666667,26.66666667,1.5
2011/5/21,¥j«F,113.0, 34.333333,0.300000000,26.66666667,1.433333333
2011/5/22,¥j«F, 64.0, 25.000000,0.186666667,27.66666667,1.7
2011/5/23,¥j«F, 41.0, 53.333333,0.410000000,27,1.166666667
2011/5/24,¥j«F, 50.0, 42.000000,0.193333333,22.33333333,2.233333333
2011/5/25,¥j«F, 45.0, 37.000000,0.166666667,23,2.8
2011/5/26,¥j«F, 47.0, 30.000000,0.160000000,29,3.7
2011/5/27,¥j«F, 85.0, 34.333333,0.166666667,27.33333333,3.2
2011/5/28,¥j«F, 60.0, 23.000000,0.076666667,22,2.166666667
2011/5/29,¥j«F, 60.0, 24.333333,0.103333333,22.66666667,2.233333333
2011/5/30,¥j«F, 98.0, 31.333333,0.126666667,25.33333333,2.066666667
2011/5/31,¥j«F,164.0, 46.333333,0.360000000,26,1.466666667
2011/6/1,¥j«F, 65.0, 50.000000,0.386666667,29,2.066666667
2011/6/2,¥j«F, 31.0, 69.666667,0.546666667,25.33333333,1.7
2011/6/3,¥j«F, 40.0, 65.666667,0.536666667,25,1.233333333
2011/6/4,¥j«F, 81.0, 39.666667,0.330000000,27,1.533333333
2011/6/5,¥j«F, 67.0, 26.666667,0.193333333,28,2.4
2011/6/6,¥j«F, 60.0, 25.333333,0.193333333,29.66666667,1.6
2011/6/7,¥j«F, 54.0, 41.000000,0.276666667,30,2.766666667
2011/6/8,¥j«F, 65.0, 34.666667,0.246666667,30.66666667,1.833333333
2011/6/9,¥j«F,100.0, 43.000000,0.340000000,30.66666667,1.5
2011/6/10,¥j«F, 59.0, 40.000000,0.260000000,30,1.6
2011/6/11,¥j«F, 52.0, 28.000000,0.146666667,29.66666667,1.666666667
2011/6/12,¥j«F, 49.0, 21.666667,0.143333333,30,1.766666667
2011/6/13,¥j«F, 62.0, 34.666667,0.253333333,30,1.366666667
2011/6/14,¥j«F, 55.0, 40.666667,0.260000000,30,1.466666667
2011/6/15,¥j«F, 79.0, 31.666667,0.243333333,30.66666667,2.066666667
2011/6/16,¥j«F, 94.0, 48.333333,0.406666667,29.66666667,1.333333333
2011/6/17,¥j«F, 77.0, 40.666667,0.263333333,30.66666667,1.4
2011/6/18,¥j«F, 80.0, 26.333333,0.160000000,30,1.466666667
2011/6/19,¥j«F, 83.0, 18.333333,0.143333333,30,1.666666667
2011/6/20,¥j«F, 29.0, 32.333333,0.170000000,30,1.6
2011/6/21,¥j«F, 29.0, 36.000000,0.243333333,31,1.766666667
2011/6/22,¥j«F, 37.0, 45.666667,0.300000000,29.66666667,1.566666667
2011/6/23,¥j«F, 26.0,NA,NA,#DIV/0!,#DIV/0!
2011/6/24,¥j«F, 19.0, 19.666667,0.106666667,31.66666667,4.266666667
2011/6/27,¥j«F, 34.0,NA,NA,#DIV/0!,#DIV/0!
2011/6/28,¥j«F, 33.0, 41.333333,0.226666667,29.33333333,1.8
2011/6/29,¥j«F, 49.0, 53.000000,0.370000000,27.33333333,1.2
2011/6/30,¥j«F, 93.0, 37.333333,0.346666667,28.66666667,1.833333333
2011/7/1,¥j«F, 56.0, 40.000000,0.313333333,28.66666667,1.6
2011/7/2,¥j«F, 54.0, 34.333333,0.266666667,29,2
2011/7/3,¥j«F, 79.0, 22.333333,0.176666667,30.66666667,2.266666667
2011/7/4,¥j«F, 60.0, 35.000000,0.270000000,30.66666667,2.466666667
2011/7/5,¥j«F,113.0, 35.666667,0.316666667,30.66666667,2.3
2011/7/6,¥j«F, 98.0, 32.666667,0.306666667,29.66666667,1.933333333
2011/7/7,¥j«F, 78.0, 34.000000,0.316666667,29.66666667,2.066666667
2011/7/8,¥j«F, 70.0, 33.666667,0.240000000,30,3.166666667
2011/7/9,¥j«F, 57.0, 29.666667,0.200000000,30.66666667,2.8
2011/7/10,¥j«F, 36.0, 25.333333,0.153333333,26.66666667,1.966666667
2011/7/11,¥j«F, 36.0, 26.666667,0.150000000,30,2.5
2011/7/12,¥j«F, 42.0, 33.000000,0.206666667,30.33333333,1.433333333
2011/7/13,¥j«F, 40.0, 45.000000,0.350000000,29,1.866666667
2011/7/14,¥j«F, 40.0, 41.000000,0.236666667,29.66666667,2.733333333
2011/7/15,¥j«F, 49.0, 33.666667,0.166666667,28.66666667,1.966666667
2011/7/16,¥j«F, 67.0, 31.333333,0.186666667,28.66666667,1.7
2011/7/17,¥j«F, 48.0, 26.333333,0.153333333,29,2.033333333
2011/7/18,¥j«F, 43.0, 35.333333,0.206666667,29.33333333,1.566666667
2011/7/19,¥j«F, 52.0, 37.333333,0.310000000,28.66666667,3.266666667
2011/7/20,¥j«F, 81.0, 40.333333,0.290000000,30.33333333,1.533333333
2011/7/21,¥j«F, 86.0, 29.333333,0.230000000,30.66666667,1.5
2011/7/22,¥j«F, 72.0, 37.666667,0.313333333,30,1.866666667
2011/7/23,¥j«F, 79.0, 30.333333,0.230000000,30.66666667,2.566666667
2011/7/24,¥j«F, 99.0, 28.333333,0.210000000,30,2.366666667
2011/7/25,¥j«F, 80.0, 40.666667,0.263333333,30.33333333,1.566666667
2011/7/26,¥j«F, 67.0, 44.333333,0.310000000,30,1.6
2011/7/27,¥j«F, 21.0, 29.333333,0.120000000,31.66666667,3.133333333
2011/7/28,¥j«F, 19.0, 25.666667,0.093333333,32,2.3
2011/7/29,¥j«F, 81.0, 30.666667,0.136666667,31.66666667,2.1
2011/7/30,¥j«F, 68.0, 41.333333,0.296666667,30,1.366666667
2011/7/31,¥j«F, 77.0, 20.666667,0.146666667,30,1.666666667
2011/8/1,¥j«F, 49.0, 33.666667,0.193333333,30,1.8
2011/8/2,¥j«F, 87.0, 35.000000,0.246666667,29.66666667,1.9
2011/8/3,¥j«F,103.0, 42.333333,0.333333333,29.66666667,2.033333333
2011/8/4,¥j«F, 40.0, 39.666667,0.336666667,30,1.866666667
2011/8/5,¥j«F, 38.0, 21.000000,0.160000000,29.66666667,3
2011/8/6,¥j«F, 59.0, 27.666667,0.243333333,29.33333333,3.733333333
2011/8/7,¥j«F, 68.0, 22.666667,0.156666667,30,1.666666667
2011/8/8,¥j«F, 54.0, 38.000000,0.270000000,30.66666667,1.4
2011/8/9,¥j«F, 44.0, 47.333333,0.410000000,29.33333333,1.166666667
2011/8/10,¥j«F, 87.0, 33.000000,0.240000000,30.33333333,1.666666667
2011/8/11,¥j«F, 78.0, 43.000000,0.316666667,29.33333333,1.233333333
2011/8/12,¥j«F, 66.0, 39.666667,0.313333333,28.66666667,1.533333333
2011/8/13,¥j«F, 56.0, 28.333333,0.246666667,28.33333333,1.366666667
2011/8/14,¥j«F, 67.0, 29.666667,0.190000000,28.33333333,1.1
2011/8/15,¥j«F, 58.0, 44.500000,0.435000000,30.5,1.35
2011/8/16,¥j«F, 66.0, 35.666667,0.256666667,29.66666667,2.4
2011/8/17,¥j«F, 95.0, 33.000000,0.286666667,31,2.166666667
2011/8/18,¥j«F,127.0, 36.666667,0.270000000,31,1.933333333
2011/8/19,¥j«F, 53.0, 39.333333,0.313333333,29.66666667,1.433333333
2011/8/20,¥j«F,100.0, 26.333333,0.173333333,30,1.666666667
2011/8/21,¥j«F, 59.0, 25.000000,0.170000000,30,2.166666667
2011/8/22,¥j«F, 69.0, 36.000000,0.273333333,29,1.366666667
2011/8/23,¥j«F,132.0, 41.000000,0.323333333,29.66666667,1.6
2011/8/24,¥j«F, 83.0, 37.000000,0.246666667,29.33333333,1.233333333
2011/8/25,¥j«F, 25.0, 24.333333,0.143333333,31,3.266666667
2011/8/26,¥j«F, 17.0, 32.333333,0.160000000,30.66666667,3.1
2011/8/27,¥j«F, 13.0, 16.000000,0.040000000,27.33333333,4
2011/8/28,¥j«F, 20.0, 12.333333,0.043333333,31,4.333333333
2011/8/29,¥j«F, 30.0, 14.666667,0.046666667,28.66666667,5.8
2011/8/30,¥j«F, 38.0, 38.666667,0.333333333,30.33333333,2.233333333
2011/8/31,¥j«F, 62.0, 47.000000,0.410000000,29,2.066666667
2011/9/1,¥j«F, 85.0, 37.666667,0.350000000,29.66666667,1.833333333
2011/9/2,¥j«F, 45.0, 56.000000,0.483333333,28.33333333,1.566666667
2011/9/3,¥j«F, 74.0, 34.000000,0.170000000,28.33333333,1.733333333
2011/9/4,¥j«F, 90.0, 27.000000,0.130000000,28,1.5
2011/9/5,¥j«F, 72.0, 48.666667,0.300000000,28,1.933333333
2011/9/6,¥j«F, 79.0, 50.333333,0.303333333,26.66666667,2.133333333
2011/9/7,¥j«F,125.0, 51.666667,0.323333333,27.66666667,1.733333333
2011/9/8,¥j«F,132.0, 54.333333,0.403333333,27.33333333,1.366666667
2011/9/9,¥j«F, 40.0, 36.000000,0.160000000,27,1.7
2011/9/10,¥j«F, 33.0, 31.666667,0.143333333,29.66666667,2.1
2011/9/11,¥j«F, 25.0, 16.333333,0.056666667,30,3.166666667
2011/9/12,¥j«F, 18.0, 14.333333,0.056666667,29.33333333,2.833333333
2011/9/13,¥j«F, 16.0, 31.333333,0.150000000,28.33333333,3.1
2011/9/14,¥j«F, 16.0, 29.000000,0.150000000,29.66666667,3.266666667
2011/9/15,¥j«F, 26.0, 28.666667,0.136666667,30,3.133333333
2011/9/16,¥j«F, 37.0, 49.333333,0.356666667,29,2.166666667
2011/9/17,¥j«F, 51.0, 38.333333,0.246666667,28,1.633333333
2011/9/18,¥j«F, 46.0, 26.000000,0.163333333,28,1.833333333
2011/9/19,¥j«F, 56.0, 39.333333,0.233333333,25,2.233333333
2011/9/20,¥j«F, 56.0, 45.333333,0.243333333,25,2.233333333
2011/9/21,¥j«F, 52.0, 52.333333,0.266666667,24.33333333,2.133333333
2011/9/22,¥j«F, 68.0, 39.333333,0.156666667,25,3.166666667
2011/9/23,¥j«F, 56.0, 33.000000,0.136666667,24,2.7
2011/9/24,¥j«F, 44.0, 22.666667,0.093333333,25.66666667,3.666666667
2011/9/25,¥j«F, 31.0, 19.333333,0.076666667,28.66666667,3.533333333
2011/9/26,¥j«F, 27.0, 32.000000,0.153333333,28.66666667,3.433333333
2011/9/27,¥j«F, 35.0, 26.333333,0.136666667,28,5.266666667
2011/9/28,¥j«F, 20.0, 15.000000,0.063333333,30.66666667,6.133333333
2011/9/29,¥j«F,137.0, 34.333333,0.210000000,30.66666667,1.333333333
2011/9/30,¥j«F, 65.0, 35.333333,0.326666667,29.33333333,1.766666667
2011/10/1,¥j«F, 45.0, 28.000000,0.113333333,26.33333333,3.833333333
2011/10/2,¥j«F, 51.0, 19.333333,0.056666667,23.33333333,3.766666667
2011/10/3,¥j«F, 56.0, 22.666667,0.083333333,22,4.033333333
2011/10/4,¥j«F, 37.0, 76.333333,0.563333333,22,1.433333333
2011/10/5,¥j«F, 35.0, 48.333333,0.263333333,24.33333333,1.733333333
2011/10/6,¥j«F, 44.0, 36.000000,0.160000000,24,3.1
2011/10/7,¥j«F, 43.0, 32.333333,0.133333333,24.33333333,3.833333333
2011/10/8,¥j«F, 54.0, 21.666667,0.090000000,26.33333333,3.9
2011/10/9,¥j«F, 55.0, 26.666667,0.110000000,26,2.9
2011/10/10,¥j«F, 15.0, 53.666667,0.330000000,26.33333333,1.4
2011/10/11,¥j«F, 16.0, 70.000000,0.436666667,28,1.2
2011/10/12,¥j«F, 14.0, 47.000000,0.246666667,27,2.266666667
2011/10/13,¥j«F, 71.0, 63.333333,0.563333333,27.33333333,1.733333333
2011/10/14,¥j«F, 47.0, 55.333333,0.400000000,25.66666667,1.166666667
2011/10/15,¥j«F, 51.0, 38.666667,0.180000000,25,1.8
2011/10/16,¥j«F, 69.0, 20.666667,0.086666667,24.66666667,3.533333333
2011/10/17,¥j«F, 77.0, 37.333333,0.160000000,25,3.266666667
2011/10/18,¥j«F, 67.0, 41.333333,0.135000000,24.33333333,2.766666667
2011/10/19,¥j«F, 44.0, 36.666667,0.160000000,23,3.1
2011/10/20,¥j«F, 42.0, 85.000000,0.503333333,22,1.533333333
2011/10/21,¥j«F, 35.0, 64.333333,0.323333333,24.33333333,1.233333333
2011/10/22,¥j«F, 39.0, 28.666667,0.126666667,24.33333333,3.1
2011/10/23,¥j«F, 45.0, 19.333333,0.096666667,25,3.966666667
2011/10/24,¥j«F, 95.0, 56.000000,0.440000000,25.33333333,1.466666667
2011/10/25,¥j«F, 47.0, 35.666667,0.163333333,23,3.133333333
2011/10/26,¥j«F, 36.0, 37.666667,0.166666667,21,2.533333333
2011/10/27,¥j«F, 42.0, 39.666667,0.166666667,23,2.933333333
2011/10/28,¥j«F, 37.0, 45.500000,0.205000000,24.5,2.3
2011/10/29,¥j«F, 41.0, 25.666667,0.113333333,25,3.4
2011/10/30,¥j«F, 49.0, 24.333333,0.093333333,23.33333333,2.7
2011/10/31,¥j«F, 52.0, 35.333333,0.163333333,22.66666667,3.233333333
2011/11/1,¥j«F, 38.0, 33.666667,0.150000000,24,2.8
2011/11/2,¥j«F, 18.0, 28.333333,0.123333333,25.33333333,4.866666667
2011/11/3,¥j«F, 17.0, 40.000000,0.173333333,26,3.5
2011/11/4,¥j«F, 24.0, 29.333333,0.136666667,28.66666667,2.866666667
2011/11/5,¥j«F, 85.0, 48.333333,0.330000000,27,1.4
2011/11/6,¥j«F, 19.0, 23.666667,0.106666667,27,3.6
2011/11/7,¥j«F, 32.0, 35.333333,0.153333333,24.33333333,2.966666667
2011/11/8,¥j«F, 33.0, 44.000000,0.200000000,23.66666667,2.866666667
2011/11/9,¥j«F, 43.0, 41.000000,0.210000000,22.33333333,2.333333333
2011/11/10,¥j«F, 35.0, 54.666667,0.273333333,20.33333333,1.6
2011/11/11,¥j«F, 39.0, 49.000000,0.256666667,20,2.5
2011/11/12,¥j«F, 50.0, 29.000000,0.110000000,20,3.5
2011/11/13,¥j«F, 43.0, 20.333333,0.083333333,22,3.066666667
2011/11/14,¥j«F, 56.0, 37.333333,0.190000000,21.33333333,3.266666667
2011/11/15,¥j«F, 57.0, 38.333333,0.186666667,22.66666667,2.7
2011/11/16,¥j«F, 34.0, 45.000000,0.220000000,24.66666667,2.933333333
2011/11/17,¥j«F, 28.0, 37.666667,0.180000000,26,2.3
2011/11/18,¥j«F, 29.0,117.666667,1.213333333,24.66666667,1.533333333
2011/11/19,¥j«F, 16.0, 48.666667,0.316666667,25.66666667,1.066666667
2011/11/20,¥j«F, 45.0, 24.000000,0.126666667,20.33333333,2.766666667
2011/11/21,¥j«F, 39.0, 23.333333,0.116666667,21.33333333,3.866666667
2011/11/22,¥j«F, 36.0, 39.333333,0.190000000,24.33333333,2.766666667
2011/11/23,¥j«F, 43.0, 54.000000,0.256666667,21.33333333,2.266666667
2011/11/24,¥j«F, 44.0, 33.333333,0.160000000,19.66666667,3.766666667
2011/11/25,¥j«F, 40.0, 23.666667,0.110000000,21,4.066666667
2011/11/26,¥j«F, 38.0, 21.666667,0.093333333,23,3.166666667
2011/11/27,¥j«F, 30.0, 41.000000,0.183333333,23,2.266666667
2011/11/28,¥j«F, 30.0, 44.666667,0.216666667,23.66666667,2.933333333
2011/11/29,¥j«F, 29.0, 60.000000,0.416666667,23.33333333,1.966666667
2011/11/30,¥j«F, 25.0, 64.333333,0.430000000,22.33333333,1.366666667
2011/12/1,¥j«F, 32.0, 35.666667,0.166666667,20,2.833333333
2011/12/2,¥j«F, 26.0, 67.000000,0.446666667,15.33333333,1.7
2011/12/3,¥j«F, 35.0, 33.000000,0.146666667,16,2.766666667
2011/12/4,¥j«F, 38.0, 19.666667,0.093333333,18,2.733333333
2011/12/5,¥j«F, 35.0, 50.333333,0.256666667,20,2.666666667
2011/12/6,¥j«F, 28.0, 51.333333,0.226666667,21,2.766666667
2011/12/7,¥j«F, 46.0, 29.333333,0.150000000,26.66666667,2.9
2011/12/8,¥j«F, 21.0, 48.000000,0.273333333,20,2.5
2011/12/9,¥j«F, 29.0, 42.666667,0.176666667,14,2.633333333
2011/12/10,¥j«F, 32.0, 30.333333,0.110000000,15.33333333,2.933333333
2011/12/11,¥j«F, 30.0, 19.666667,0.076666667,14.33333333,3.3
2011/12/12,¥j«F, 36.0, 34.333333,0.156666667,17.66666667,2.966666667
2011/12/13,¥j«F, 32.0, 40.666667,0.190000000,18,3.166666667
2011/12/14,¥j«F, 34.0, 57.333333,0.276666667,20,2.233333333
2011/12/15,¥j«F, 38.0, 53.333333,0.276666667,18,2.766666667
2011/12/16,¥j«F, 30.0, 39.333333,0.166666667,15.33333333,3.133333333
2011/12/17,¥j«F, 32.0, 34.666667,0.133333333,14.33333333,2.466666667
2011/12/18,¥j«F, 33.0, 25.000000,0.096666667,17.66666667,2.7
2011/12/19,¥j«F, 35.0, 39.333333,0.170000000,16,3.033333333
2011/12/20,¥j«F, 33.0, 56.333333,0.263333333,18.33333333,2.333333333
2011/12/21,¥j«F, 21.0, 90.666667,0.600000000,19,1.633333333
2011/12/22,¥j«F, 34.0, 48.666667,0.206666667,16.33333333,2.333333333
2011/12/23,¥j«F, 30.0, 59.000000,0.240000000,14,1.966666667
2011/12/24,¥j«F, 29.0, 23.666667,0.123333333,13,1.8
2011/12/25,¥j«F, 30.0, 21.000000,0.083333333,14.33333333,3.366666667
2011/12/26,¥j«F, 33.0, 30.333333,0.133333333,16.33333333,3.433333333
2011/12/27,¥j«F, 31.0, 55.333333,0.240000000,15.66666667,2.366666667
2011/12/28,¥j«F, 44.0, 80.000000,0.476666667,17,1.366666667
2011/12/29,¥j«F, 31.0, 39.666667,0.200000000,18,3
2011/12/30,¥j«F, 39.0, 47.333333,0.196666667,15,2.633333333
2011/12/31,¥j«F, 33.0, 30.666667,0.130000000,15.66666667,2.633333333
2012/1/1,¥j«F, 31.0, 51.333333,0.263333333,16,1.4
2012/1/2,¥j«F, 42.0, 40.666667,0.186666667,15.33333333,2.7
2012/1/3,¥j«F, 32.0, 44.666667,0.216666667,18,2.533333333
2012/1/4,¥j«F, 33.0, 46.000000,0.216666667,11.33333333,2.833333333
2012/1/5,¥j«F, 31.0, 53.000000,0.230000000,12,2.333333333
2012/1/6,¥j«F, 23.0,101.333333,0.560000000,15,1.166666667
2012/1/7,¥j«F, 33.0, 24.666667,0.090000000,15.33333333,3.366666667
2012/1/8,¥j«F, 31.0, 53.666667,0.460000000,17,1.166666667
2012/1/9,¥j«F, 35.0, 41.666667,0.200000000,17.66666667,2.633333333
2012/1/10,¥j«F, 32.0, 49.666667,0.240000000,17.66666667,2.7
2012/1/11,¥j«F, 34.0, 46.333333,0.223333333,16.66666667,2.5
2012/1/12,¥j«F, 38.0, 26.500000,0.153333333,15.66666667,3.6
2012/1/13,¥j«F, 23.0, 98.333333,0.573333333,18.33333333,1.8
2012/1/14,¥j«F, 48.0, 29.333333,0.156666667,20.33333333,1.933333333
2012/1/15,¥j«F, 22.0, 60.000000,0.440000000,18,1.333333333
2012/1/16,¥j«F, 33.0, 72.666667,0.600000000,17,1.533333333
2012/1/17,¥j«F, 34.0, 29.666667,0.156666667,18.33333333,3.933333333
2012/1/18,¥j«F, 21.0, 75.666667,0.450000000,18,1
2012/1/19,¥j«F, 43.0, 46.333333,0.370000000,18,1.7
2012/1/20,¥j«F, 33.0, 36.333333,0.186666667,18,3.5
2012/1/21,¥j«F, 34.0, 22.333333,0.116666667,16,2.633333333
2012/1/22,¥j«F, 29.0, 17.333333,0.096666667,15,2.566666667
2012/1/23,¥j«F, 31.0, 12.333333,0.063333333,12,2.566666667
2012/1/24,¥j«F, 33.0, 13.333333,0.110000000,14,2.566666667
2012/1/25,¥j«F, 36.0, 15.666667,0.086666667,12,2
2012/1/26,¥j«F, 38.0, 15.000000,0.060000000,12.66666667,2.533333333
2012/1/27,¥j«F, 40.0, 41.333333,0.273333333,15,1.1
2012/1/28,¥j«F, 29.0, 32.333333,0.213333333,16,1.366666667
2012/1/29,¥j«F, 18.0, 44.666667,0.310000000,16,1.233333333
2012/1/30,¥j«F, 33.0, 40.333333,0.306666667,17,1.366666667
2012/1/31,¥j«F, 36.0, 63.333333,0.370000000,14,1.466666667
2012/2/1,¥j«F, 33.0,103.000000,0.550000000,17,1
2012/2/2,¥j«F, 44.0, 34.333333,0.150000000,15,3.266666667
2012/2/3,¥j«F, 35.0, 35.666667,0.156666667,13,3.233333333
2012/2/4,¥j«F, 30.0, 44.333333,0.203333333,16.33333333,2.433333333
2012/2/5,¥j«F, 47.0, 37.000000,0.333333333,17.66666667,1.033333333
2012/2/6,¥j«F, 81.0, 66.666667,0.430000000,21,1.1
2012/2/7,¥j«F, 33.0, 36.666667,0.146666667,14.66666667,2.7
2012/2/8,¥j«F, 33.0, 34.000000,0.153333333,11,3.233333333
2012/2/9,¥j«F, 33.0, 29.333333,0.140000000,12.66666667,3.166666667
2012/2/10,¥j«F, 19.0, 83.666667,0.490000000,15.33333333,1.633333333
2012/2/11,¥j«F, 30.0, 30.333333,0.136666667,15.66666667,3.1
2012/2/12,¥j«F, 34.0, 26.333333,0.140000000,20.33333333,2.7
2012/2/13,¥j«F, 78.0, 58.666667,0.420000000,18,1.333333333
2012/2/14,¥j«F, 42.0, 67.000000,0.490000000,18.33333333,1.433333333
2012/2/15,¥j«F, 34.0, 52.000000,0.403333333,19,1.1
2012/2/16,¥j«F, 42.0, 41.333333,0.186666667,16.66666667,2.433333333
2012/2/17,¥j«F, 42.0, 42.333333,0.173333333,14,3.266666667
2012/2/18,¥j«F, 43.0, 32.333333,0.140000000,12,2.633333333
2012/2/19,¥j«F, 41.0, 18.666667,0.073333333,12.66666667,3.033333333
2012/2/20,¥j«F, 43.0, 51.333333,0.226666667,17.33333333,3.7
2012/2/21,¥j«F, 50.0,117.333333,1.063333333,18.33333333,1.4
2012/2/22,¥j«F, 96.0,165.000000,0.996666667,20.33333333,1.166666667
2012/2/23,¥j«F, 29.0, 99.000000,0.776666667,19.66666667,0.866666667
2012/2/24,¥j«F, 41.0, 59.666667,0.280000000,18.66666667,1.5
2012/2/25,¥j«F, 49.0, 26.333333,0.106666667,17,2.833333333
2012/2/26,¥j«F, 41.0, 31.666667,0.126666667,13,1.833333333
2012/2/27,¥j«F, 41.0, 25.333333,0.106666667,13,2.433333333
2012/2/28,¥j«F, 34.0, 48.000000,0.246666667,15,1.333333333
2012/2/29,¥j«F, 43.0, 27.666667,0.133333333,16.33333333,3.966666667
2012/3/1,¥j«F, 57.0, 64.000000,0.520000000,16.33333333,1.133333333
2012/3/2,¥j«F, 36.0,108.000000,0.970000000,19,1.3
2012/3/3,¥j«F, 34.0, 39.666667,0.213333333,21,3.6
2012/3/4,¥j«F, 43.0, 45.000000,0.400000000,17.33333333,1.8
2012/3/5,¥j«F, 96.0,112.000000,0.900000000,21.33333333,1.033333333
2012/3/6,¥j«F, 36.0, 51.000000,0.246666667,22.33333333,2.933333333
2012/3/7,¥j«F, 32.0, 53.333333,0.433333333,17.33333333,1.966666667
2012/3/8,¥j«F, 31.0, 47.666667,0.346666667,15.33333333,1.333333333
2012/3/9,¥j«F, 42.0, 48.000000,0.190000000,13,2.233333333
2012/3/10,¥j«F, 36.0, 33.000000,0.120000000,12.33333333,2.266666667
2012/3/11,¥j«F, 55.0, 24.333333,0.086666667,13.66666667,2.133333333
2012/3/12,¥j«F, 65.0, 28.000000,0.126666667,14.66666667,4.033333333
2012/3/13,¥j«F, 41.0, 48.666667,0.196666667,15.33333333,2.6
2012/3/14,¥j«F, 41.0,108.333333,0.556666667,17.33333333,1.233333333
2012/3/15,¥j«F, 77.0, 68.666667,0.543333333,16.66666667,1.3
2012/3/16,¥j«F, 82.0,130.666667,1.346666667,18.66666667,1.233333333
2012/3/17,¥j«F,105.0, 49.333333,0.423333333,24,1.566666667
2012/3/18,¥j«F, 43.0, 39.333333,0.316666667,25,1.566666667
2012/3/19,¥j«F, 61.0, 29.000000,0.133333333,19,3.566666667
2012/3/20,¥j«F, 34.0, 37.666667,0.163333333,19,2.1
2012/3/21,¥j«F, 41.0, 39.000000,0.150000000,17,4.5
2012/3/22,¥j«F,108.0, 75.000000,0.620000000,20,1.366666667
2012/3/23,¥j«F, 69.0, 51.666667,0.360000000,24.33333333,1.566666667
2012/3/24,¥j«F, 50.0, 22.666667,0.106666667,12.33333333,2.266666667
2012/3/25,¥j«F, 64.0, 17.666667,0.070000000,17.66666667,3.5
2012/3/26,¥j«F, 68.0, 22.333333,0.103333333,20.66666667,4.4
2012/3/27,¥j«F, 70.0, 21.333333,0.090000000,22,4.1
2012/3/28,¥j«F, 64.0, 25.333333,0.096666667,23,3.266666667
2012/3/29,¥j«F, 55.0, 44.000000,0.233333333,23.33333333,1.5
2012/3/30,¥j«F, 67.0, 50.333333,0.286666667,22.33333333,1.466666667
2012/3/31,¥j«F, 58.0, 25.333333,0.106666667,16.33333333,2.8
2012/4/1,¥j«F, 54.0, 14.666667,0.060000000,19.66666667,3.666666667
2012/4/2,¥j«F, 84.0, 37.000000,0.296666667,22,1.433333333
2012/4/3,¥j«F, 58.0, 57.333333,0.500000000,25.66666667,1.4
2012/4/4,¥j«F, 59.0, 12.333333,0.056666667,21.66666667,3.433333333
2012/4/5,¥j«F, 58.0, 56.000000,0.343333333,20,1.3
2012/4/6,¥j«F, 58.0, 38.000000,0.146666667,19,3.133333333
2012/4/7,¥j«F, 68.0, 15.000000,0.056666667,21,4.1
2012/4/8,¥j«F, 60.0, 16.333333,0.060000000,23.33333333,2.966666667
2012/4/9,¥j«F, 46.0, 88.000000,0.576666667,23,1.133333333
2012/4/10,¥j«F, 77.0, 95.333333,0.943333333,24,1
2012/4/11,¥j«F, 46.0, 49.000000,0.440000000,26.66666667,1.7
2012/4/12,¥j«F, 66.0, 39.333333,0.203333333,25.66666667,2.166666667
2012/4/13,¥j«F, 53.0, 45.000000,0.356666667,25.66666667,1.7
2012/4/14,¥j«F, 47.0, 27.000000,0.126666667,22.33333333,2.933333333
2012/4/15,¥j«F, 38.0, 48.666667,0.420000000,23.33333333,0.7
2012/4/16,¥j«F, 49.0, 36.333333,0.186666667,21,2.533333333
2012/4/17,¥j«F, 54.0, 25.333333,0.113333333,20.66666667,3.466666667
2012/4/18,¥j«F, 73.0, 72.666667,0.590000000,21.33333333,0.933333333
2012/4/19,¥j«F, 69.0, 83.333333,0.633333333,23.66666667,1
2012/4/20,¥j«F, 37.0, 50.666667,0.266666667,25,2.133333333
2012/4/21,¥j«F, 62.0, 32.666667,0.256666667,25.66666667,1.133333333
2012/4/22,¥j«F, 49.0, 19.666667,0.120000000,21.33333333,2.933333333
2012/4/23,¥j«F, 90.0, 52.000000,0.393333333,25.33333333,1.3
2012/4/24,¥j«F, 85.0, 68.666667,0.506666667,25.33333333,0.966666667
2012/4/25,¥j«F, 47.0, 49.000000,0.346666667,28.66666667,1.5
2012/4/26,¥j«F, 50.0, 33.666667,0.153333333,19.66666667,3.266666667
2012/4/27,¥j«F, 49.0, 72.666667,0.443333333,21,1.733333333
2012/4/28,¥j«F, 75.0, 62.000000,0.443333333,23,1.066666667
2012/4/29,¥j«F, 32.0, 27.333333,0.153333333,25.66666667,1.033333333
2012/4/30,¥j«F, 31.0, 54.666667,0.433333333,26.33333333,1.466666667
2012/5/1,¥j«F, 36.0, 37.666667,0.246666667,28.33333333,1.733333333
2012/5/2,¥j«F, 43.0, 55.333333,0.463333333,29.33333333,2.666666667
2012/5/3,¥j«F, 44.0, 31.333333,0.140000000,24.33333333,3.033333333
2012/5/4,¥j«F, 48.0, 44.333333,0.196666667,21,2.833333333
2012/5/5,¥j«F, 80.0, 21.333333,0.103333333,24.66666667,2.033333333
2012/5/6,¥j«F, 79.0, 27.000000,0.140000000,24.33333333,1.766666667
2012/5/7,¥j«F,139.0, 50.666667,0.376666667,24.33333333,1.366666667
2012/5/8,¥j«F,122.0, 55.000000,0.423333333,27,1.533333333
2012/5/9,¥j«F, 35.0,NA,NA,29,1.9
2012/5/10,¥j«F, 37.0, 34.000000,0.173333333,24.66666667,3.066666667
2012/5/11,¥j«F, 39.0, 50.000000,0.243333333,23.33333333,2.666666667
2012/5/12,¥j«F, 45.0, 21.000000,0.140000000,28.33333333,1.8
2012/5/13,¥j«F, 65.0, 31.333333,0.293333333,27,1.833333333
2012/5/14,¥j«F, 55.0, 33.333333,0.240000000,29.33333333,2.5
2012/5/15,¥j«F, 77.0, 38.666667,0.340000000,29.66666667,2.766666667
2012/5/16,¥j«F, 45.0, 36.666667,0.246666667,28,1.666666667
2012/5/17,¥j«F, 33.0, 51.000000,0.400000000,27,1.4
2012/5/18,¥j«F, 76.0, 40.333333,0.200000000,27.66666667,3.4
2012/5/19,¥j«F, 61.0, 36.333333,0.236666667,25,1.066666667
2012/5/20,¥j«F, 43.0, 32.666667,0.200000000,24,1.733333333
2012/5/21,¥j«F, 54.0, 26.333333,0.123333333,25.66666667,3.433333333
2012/5/22,¥j«F, 55.0, 24.666667,0.113333333,26,3.833333333
2012/5/23,¥j«F, 45.0, 30.333333,0.146666667,26.33333333,3.233333333
2012/5/24,¥j«F,105.0, 36.666667,0.320000000,28,1.366666667
2012/5/25,¥j«F,101.0, 45.333333,0.376666667,28,1.866666667
2012/5/26,¥j«F, 46.0, 20.666667,0.106666667,27,3.033333333
2012/5/27,¥j«F, 37.0, 20.666667,0.096666667,25.66666667,2.866666667
2012/5/28,¥j«F, 38.0, 41.000000,0.210000000,25.33333333,2.333333333
2012/5/29,¥j«F, 31.0, 32.333333,0.180000000,27,3.066666667
2012/5/30,¥j«F, 63.0, 27.000000,0.160000000,29,1.3
2012/5/31,¥j«F, 46.0, 33.666667,0.220000000,25.66666667,2.233333333
2012/6/1,¥j«F, 49.0, 28.666667,0.150000000,24.66666667,3.433333333
2012/6/2,¥j«F, 33.0, 29.666667,0.193333333,25.66666667,1.433333333
2012/6/3,¥j«F, 39.0, 19.333333,0.076666667,25,2.9
2012/6/4,¥j«F, 37.0, 43.666667,0.253333333,25.66666667,1.633333333
2012/6/5,¥j«F, 47.0, 31.000000,0.253333333,27.33333333,1.8
2012/6/6,¥j«F, 39.0, 35.333333,0.210000000,27.33333333,2.766666667
2012/6/7,¥j«F,103.0, 38.333333,0.366666667,29,1.566666667
2012/6/8,¥j«F, 48.0, 31.333333,0.293333333,31.33333333,1.933333333
2012/6/9,¥j«F, 49.0, 47.666667,0.330000000,29.33333333,1.3
2012/6/10,¥j«F, 41.0, 18.333333,0.156666667,31,1.6
2012/6/11,¥j«F, 34.0, 22.666667,0.180000000,31.66666667,4.766666667
2012/6/12,¥j«F, 46.0, 59.500000,0.280000000,25,1.2
2012/6/13,¥j«F, 57.0, 34.000000,NA,27,2.466666667
2012/6/14,¥j«F, 33.0, 38.666667,0.200000000,27.66666667,2.433333333
2012/6/15,¥j«F,123.0, 43.000000,0.346666667,27,0.9
2012/6/16,¥j«F, 30.0, 40.333333,0.270000000,27,0.933333333
2012/6/17,¥j«F, 16.0, 26.333333,0.193333333,29,2.033333333
2012/6/18,¥j«F, 42.0, 40.000000,0.346666667,29,2
2012/6/19,¥j«F, 42.0, 51.666667,0.380000000,26.33333333,0.866666667
2012/6/20,¥j«F, 48.0, 49.000000,0.300000000,27,1.466666667
2012/6/21,¥j«F, 51.0, 55.333333,0.456666667,24,1.733333333
2012/6/22,¥j«F, 89.0, 45.000000,NA,28,1.1
2012/6/23,¥j«F,106.0, 25.666667,0.190000000,27.66666667,0.966666667
2012/6/24,¥j«F, 56.0, 23.000000,0.170000000,29.33333333,1.366666667
2012/6/25,¥j«F,105.0, 37.666667,0.326666667,29.33333333,1.266666667
2012/6/26,¥j«F, 84.0, 30.666667,0.206666667,30.66666667,1.633333333
2012/6/27,¥j«F, 96.0, 37.333333,0.283333333,29.66666667,1.466666667
2012/6/28,¥j«F, 18.0, 37.666667,0.253333333,30.66666667,2.666666667
2012/6/29,¥j«F, 44.0, 26.000000,0.120000000,32.33333333,1.866666667
2012/6/30,¥j«F, 56.0, 26.333333,0.230000000,29.33333333,1.533333333
2012/7/1,¥j«F, 54.0, 19.333333,0.133333333,31.66666667,1.4
2012/7/2,¥j«F, 56.0, 27.666667,0.240000000,30.66666667,1.8
2012/7/3,¥j«F,116.0, 36.666667,0.266666667,30.66666667,1.233333333
2012/7/4,¥j«F, 65.0, 32.666667,0.253333333,30.66666667,1.3
2012/7/5,¥j«F,104.0, 28.666667,0.213333333,31,1.166666667
2012/7/6,¥j«F,103.0, 38.666667,0.323333333,30.66666667,1.366666667
2012/7/7,¥j«F, 57.0, 26.333333,0.263333333,30.66666667,1.133333333
2012/7/8,¥j«F, 68.0, 21.333333,0.163333333,30.66666667,1.8
2012/7/9,¥j«F, 75.0, 27.666667,0.213333333,31,1.866666667
2012/7/10,¥j«F, 63.0, 35.000000,0.273333333,31.33333333,2.566666667
2012/7/11,¥j«F, 61.0, 31.666667,0.256666667,30.33333333,1.8
2012/7/12,¥j«F, 68.0, 28.333333,0.213333333,30.66666667,2.4
2012/7/13,¥j«F, 67.0, 27.666667,0.206666667,31,3
2012/7/14,¥j«F, 58.0, 23.666667,0.160000000,31.33333333,2.666666667
2012/7/15,¥j«F, 56.0, 18.333333,0.140000000,31,1.833333333
2012/7/16,¥j«F, 69.0, 38.000000,0.283333333,30,0.933333333
2012/7/17,¥j«F, 65.0, 43.000000,0.390000000,29,2.1
2012/7/18,¥j«F, 42.0, 36.333333,0.270000000,30.66666667,2.333333333
2012/7/19,¥j«F,111.0, 39.000000,0.310000000,31,1
2012/7/20,¥j«F, 22.0, 20.666667,0.106666667,32.66666667,3.7
2012/7/21,¥j«F, 18.0, 10.600000,0.053333333,32.33333333,4.033333333
2012/7/22,¥j«F, 18.0, 10.666667,0.046666667,31.66666667,3.966666667
2012/7/23,¥j«F, 24.0, 25.333333,0.120000000,30.33333333,1.966666667
2012/7/24,¥j«F, 22.0, 15.333333,0.060000000,32,4.833333333
2012/7/25,¥j«F, 18.0, 18.333333,0.086666667,31.66666667,3.4
2012/7/26,¥j«F, 21.0, 38.666667,0.240000000,28.33333333,1.766666667
2012/7/27,¥j«F, 30.0, 38.000000,0.243333333,30.66666667,2.2
2012/7/28,¥j«F, 17.0, 13.333333,0.056666667,32,4.933333333
2012/7/29,¥j«F, 14.0, 10.466667,0.050000000,32,4.1
2012/7/30,¥j«F,  9.6, 24.666667,0.150000000,28,3.133333333
2012/7/31,¥j«F, 13.0, 17.666667,0.076666667,28.33333333,4.733333333
2012/8/1,¥j«F, 31.0, 20.666667,0.083333333,28.33333333,3.833333333
2012/8/2,¥j«F, 33.0, 12.000000,0.033333333,27.66666667,3.4
2012/8/3,¥j«F, 51.0, 63.333333,0.483333333,27.33333333,1.333333333
2012/8/4,¥j«F,100.0, 29.000000,0.200000000,28.33333333,1.566666667
2012/8/5,¥j«F, 47.0, 28.666667,0.266666667,28.33333333,1.733333333
2012/8/6,¥j«F, 48.0, 37.666667,0.323333333,29,2.7
2012/8/7,¥j«F, 54.0, 30.666667,0.250000000,30,4.1
2012/8/8,¥j«F, 69.0, 36.666667,0.120000000,30.66666667,1.366666667
2012/8/9,¥j«F,100.0, 32.333333,0.263333333,31,1.3
2012/8/10,¥j«F, 79.0, 41.666667,0.280000000,29,1.033333333
2012/8/11,¥j«F, 51.0, 32.000000,0.283333333,30.66666667,1.666666667
2012/8/12,¥j«F, 77.0, 21.666667,0.146666667,30,1.533333333
2012/8/13,¥j«F, 84.0, 31.000000,0.210000000,29.66666667,1.533333333
2012/8/14,¥j«F, 37.0, 36.333333,0.253333333,30,1.7
2012/8/15,¥j«F, 14.0, 20.666667,0.103333333,31,3.633333333
2012/8/16,¥j«F, 26.0, 17.666667,0.076666667,33,3.9
2012/8/17,¥j«F, 38.0, 34.000000,0.196666667,29,1.733333333
2012/8/18,¥j«F, 44.0, 30.000000,0.216666667,29.66666667,2.4
2012/8/19,¥j«F, 30.0, 18.333333,0.103333333,30.66666667,2.1
2012/8/20,¥j«F, 34.0, 35.000000,0.220000000,30,1.5
2012/8/21,¥j«F, 21.0, 27.666667,0.143333333,31,2.7
2012/8/22,¥j«F, 17.0, 48.666667,0.313333333,28,2.433333333
2012/8/23,¥j«F, 13.0, 31.000000,0.180000000,29,2.533333333
2012/8/24,¥j«F, 22.0, 16.000000,0.070000000,29.66666667,4.3
2012/8/25,¥j«F, 33.0, 12.333333,0.063333333,31,3.8
2012/8/26,¥j«F, 18.0, 24.333333,0.156666667,27.66666667,1.533333333
2012/8/27,¥j«F, 50.0, 36.666667,0.340000000,29.33333333,2.033333333
2012/8/28,¥j«F, 29.0, 21.666667,0.116666667,29.66666667,3.3
2012/8/29,¥j«F, 64.0, 32.666667,0.320000000,29,2.233333333
2012/8/30,¥j«F, 66.0, 46.666667,0.433333333,29.66666667,1.466666667
2012/8/31,¥j«F,100.0, 36.333333,0.276666667,28,1.233333333
2012/9/1,¥j«F, 32.0, 31.333333,0.213333333,28.66666667,1.566666667
2012/9/2,¥j«F, 52.0, 22.666667,0.133333333,29,1.5
2012/9/3,¥j«F, 50.0, 33.666667,0.183333333,29,1.733333333
2012/9/4,¥j«F, 43.0, 33.333333,0.206666667,28.66666667,1.566666667
2012/9/5,¥j«F, 17.0, 17.000000,0.100000000,33,3.9
2012/9/6,¥j«F, 62.0, 35.000000,0.200000000,30.66666667,2.133333333
2012/9/7,¥j«F, 77.0, 32.000000,0.186666667,30.66666667,1.2
2012/9/8,¥j«F, 21.0, 25.666667,0.160000000,30,2.066666667
2012/9/9,¥j«F,101.0, 23.333333,0.133333333,29.33333333,1.6
2012/9/10,¥j«F,109.0, 39.666667,0.286666667,29.66666667,1.333333333
2012/9/11,¥j«F,103.0, 28.333333,0.180000000,30,1.7
2012/9/12,¥j«F,115.0, 32.000000,0.190000000,29.66666667,1.433333333
2012/9/13,¥j«F,114.0, 36.666667,0.316666667,29.33333333,1.3
2012/9/14,¥j«F, 38.0, 30.666667,0.193333333,29,2.533333333
2012/9/15,¥j«F, 42.0, 31.666667,0.176666667,25.33333333,1.766666667
2012/9/16,¥j«F, 62.0, 30.000000,0.240000000,24,1.933333333
2012/9/17,¥j«F, 81.0, 44.333333,0.283333333,25,1.266666667
2012/9/18,¥j«F, 82.0, 27.333333,0.136666667,25,3.366666667
2012/9/19,¥j«F, 86.0, 47.666667,0.276666667,26,2.733333333
2012/9/20,¥j«F, 56.0, 41.000000,0.216666667,23.66666667,2.8
2012/9/21,¥j«F, 36.0, 37.333333,0.213333333,28,2.833333333
2012/9/22,¥j«F, 65.0, 36.333333,0.303333333,27.66666667,1.933333333
2012/9/23,¥j«F, 44.0, 42.000000,0.333333333,27,1.033333333
2012/9/24,¥j«F, 55.0, 32.333333,0.176666667,26,2.833333333
2012/9/25,¥j«F, 52.0, 21.333333,0.133333333,27,4.133333333
2012/9/26,¥j«F, 43.0, 26.000000,0.143333333,27,3.166666667
2012/9/27,¥j«F, 49.0, 24.666667,0.143333333,28,4.266666667
2012/9/28,¥j«F, 48.0, 16.333333,0.090000000,25,3.733333333
2012/9/29,¥j«F, 64.0, 47.000000,0.290000000,22,1.6
2012/9/30,¥j«F, 78.0, 22.333333,0.120000000,24,2.733333333
2012/10/1,¥j«F, 68.0, 25.333333,0.116666667,24,3.533333333
2012/10/2,¥j«F, 61.0, 45.000000,0.233333333,24.33333333,2.666666667
2012/10/3,¥j«F, 66.0, 52.333333,0.310000000,23,1.7
2012/10/4,¥j«F, 49.0, 45.000000,0.240000000,24.33333333,2.9
2012/10/5,¥j«F, 52.0, 28.666667,0.133333333,26,2.466666667
2012/10/6,¥j«F, 49.0, 28.333333,0.143333333,25,2.033333333
2012/10/7,¥j«F, 54.0, 33.333333,0.170000000,23,1.566666667
2012/10/8,¥j«F, 51.0, 53.000000,0.313333333,24.66666667,2.433333333
2012/10/9,¥j«F, 46.0, 51.000000,0.270000000,24.66666667,2.333333333
2012/10/10,¥j«F, 57.0, 16.666667,0.073333333,24.66666667,2.333333333
2012/10/11,¥j«F, 68.0, 32.333333,0.150000000,24,2.366666667
2012/10/12,¥j«F, 40.0, 57.666667,0.313333333,22.33333333,1.933333333
2012/10/13,¥j«F, 42.0, 39.666667,0.213333333,23,1.733333333
2012/10/14,¥j«F, 51.0, 26.666667,0.160000000,23,1.433333333
2012/10/15,¥j«F, 44.0, 62.000000,0.450000000,24,1.533333333
2012/10/16,¥j«F, 44.0, 57.000000,0.346666667,23.66666667,1.266666667
2012/10/17,¥j«F, 58.0, 70.000000,0.460000000,#DIV/0!,#DIV/0!
2012/10/18,¥j«F, 51.0, 23.666667,0.126666667,21.66666667,2.433333333
2012/10/19,¥j«F, 46.0, 25.333333,0.110000000,23.66666667,3.533333333
2012/10/20,¥j«F, 49.0, 27.666667,0.123333333,24.66666667,2.766666667
2012/10/21,¥j«F, 43.0, 21.333333,0.096666667,25.66666667,2.666666667
2012/10/22,¥j«F,100.0, 48.000000,0.353333333,25,1.7
2012/10/23,¥j«F, 39.0, 41.666667,0.253333333,23.66666667,3.266666667
2012/10/24,¥j«F, 46.0, 33.333333,0.183333333,24.33333333,3.266666667
2012/10/25,¥j«F, 45.0, 32.333333,0.166666667,26,3.766666667
2012/10/26,¥j«F, 42.0, 31.000000,0.150000000,26.33333333,3.7
2012/10/27,¥j«F, 44.0, 40.666667,0.240000000,26,0.966666667
2012/10/28,¥j«F, 53.0, 15.000000,0.073333333,25.66666667,3.8
2012/10/29,¥j«F, 66.0, 24.000000,0.143333333,24,3.133333333
2012/10/30,¥j«F, 50.0, 32.333333,0.163333333,24.33333333,3
2012/10/31,¥j«F, 44.0, 55.000000,0.276666667,19.66666667,1.166666667
2012/11/1,¥j«F, 53.0, 44.666667,0.233333333,19.66666667,2.3
2012/11/2,¥j«F, 46.0, 29.000000,0.140000000,23,3.333333333
2012/11/3,¥j«F, 41.0, 20.666667,0.090000000,24,3.966666667
2012/11/4,¥j«F, 42.0, 33.666667,0.243333333,23,1.666666667
2012/11/5,¥j«F, 47.0, 30.666667,0.146666667,22.33333333,3.4
2012/11/6,¥j«F, 61.0, 27.666667,0.126666667,22.66666667,3.733333333
2012/11/7,¥j«F, 60.0, 24.000000,0.106666667,21,3.633333333
2012/11/8,¥j«F, 71.0, 24.333333,0.106666667,23,2.4
2012/11/9,¥j«F,143.0, 49.666667,0.313333333,22.33333333,1.366666667
2012/11/10,¥j«F, 71.0, 50.333333,0.353333333,23,1.3
2012/11/11,¥j«F, 46.0, 29.666667,0.183333333,21,1.233333333
2012/11/12,¥j«F, 48.0, 20.666667,0.103333333,19.33333333,4.366666667
2012/11/13,¥j«F, 52.0, 77.666667,0.593333333,21,1.366666667
2012/11/14,¥j«F, 52.0, 25.666667,0.130000000,23,3.766666667
2012/11/15,¥j«F, 55.0, 32.666667,0.153333333,22.33333333,4.166666667
2012/11/16,¥j«F, 51.0, 26.000000,0.110000000,24,2.733333333
2012/11/17,¥j«F, 28.0, 39.666667,0.280000000,21,2.433333333
2012/11/18,¥j«F, 37.0, 17.666667,0.076666667,18.66666667,3.166666667
2012/11/19,¥j«F, 42.0, 27.666667,0.123333333,20.33333333,3.233333333
2012/11/20,¥j«F, 45.0, 44.000000,0.206666667,21.66666667,2.966666667
2012/11/21,¥j«F, 32.0, 95.666667,0.703333333,22.33333333,0.833333333
2012/11/22,¥j«F, 27.0, 63.000000,0.340000000,21,1.366666667
2012/11/23,¥j«F, 25.0, 65.333333,0.450000000,22.66666667,1.333333333
2012/11/24,¥j«F, 29.0, 26.333333,0.116666667,17.66666667,2.466666667
2012/11/25,¥j«F, 66.0, 52.666667,0.283333333,22.66666667,0.633333333
2012/11/26,¥j«F, 27.0, 40.666667,0.263333333,20,3.666666667
2012/11/27,¥j«F, 40.0, 39.666667,0.173333333,15.66666667,3.1
2012/11/28,¥j«F, 28.0,100.000000,0.653333333,19,1.066666667
2012/11/29,¥j«F, 34.0, 86.000000,0.490000000,19,0.8
2012/11/30,¥j«F, 39.0, 53.666667,0.236666667,19.33333333,2.3
2012/12/1,¥j«F, 36.0, 27.000000,0.120000000,20,2.466666667
2012/12/2,¥j«F, 36.0, 31.333333,0.203333333,19.33333333,1.433333333
2012/12/3,¥j«F, 28.0, 70.333333,0.383333333,18.66666667,1.033333333
2012/12/4,¥j«F, 40.0, 27.000000,0.150000000,17,4.333333333
2012/12/5,¥j«F, 30.0, 73.000000,0.360000000,17,1
2012/12/6,¥j«F, 40.0, 29.333333,0.140000000,15.66666667,4.366666667
2012/12/7,¥j«F, 41.0, 61.000000,0.283333333,19,1.833333333
2012/12/8,¥j«F, 39.0, 24.000000,0.090000000,19.33333333,3.166666667
2012/12/9,¥j«F, 50.0, 15.333333,0.063333333,15,3.466666667
2012/12/10,¥j«F, 45.0, 28.666667,0.113333333,16.33333333,3.6
2012/12/11,¥j«F, 37.0, 54.666667,0.233333333,16,1.6
2012/12/12,¥j«F, 39.0, 27.666667,0.116666667,16.33333333,3.133333333
2012/12/13,¥j«F, 43.0, 32.000000,0.170000000,19,3.133333333
2012/12/14,¥j«F, 59.0, 76.000000,0.430000000,19,1
2012/12/15,¥j«F, 65.0, 46.333333,0.280000000,19.33333333,1.5
2012/12/16,¥j«F, 46.0, 49.333333,0.283333333,21,1.5
2012/12/17,¥j«F, 39.0, 37.333333,0.200000000,20.66666667,2.833333333
2012/12/18,¥j«F, 39.0, 34.000000,0.150000000,17,2.666666667
2012/12/19,¥j«F, 33.0, 37.666667,0.163333333,13,2.433333333
2012/12/20,¥j«F, 40.0, 47.000000,0.216666667,18.33333333,2.533333333
2012/12/21,¥j«F, 53.0, 65.000000,0.360000000,18.66666667,1.533333333
2012/12/22,¥j«F, 21.0, 36.333333,0.176666667,17,3.733333333
2012/12/23,¥j«F, 38.0, 20.333333,0.100000000,13,2.566666667
2012/12/24,¥j«F, 39.0, 31.000000,0.146666667,14.33333333,3.966666667
2012/12/25,¥j«F, 39.0, 41.666667,0.153333333,19,2.666666667
2012/12/26,¥j«F, 42.0, 30.666667,0.133333333,18,3.266666667
2012/12/27,¥j«F, 40.0, 37.333333,0.160000000,22,2.033333333
2012/12/28,¥j«F, 30.0, 79.000000,0.486666667,18.33333333,0.966666667
2012/12/29,¥j«F, 25.0, 23.000000,0.286666667,20.33333333,3.266666667
2012/12/30,¥j«F, 14.0, 44.666667,0.316666667,11,2.2
2012/12/31,¥j«F, 14.0, 23.333333,0.190000000,9.766666667,1.8
2013/1/1,¥j«F, 10.0, 19.333333,0.200000000,13.66666667,2
2013/1/2,¥j«F, 24.0,120.000000,0.866666667,16,0.7
2013/1/3,¥j«F, 45.0, 34.000000,0.140000000,15,2.933333333
2013/1/4,¥j«F, 35.0, 32.666667,0.136666667,14.66666667,3.333333333
2013/1/5,¥j«F, 29.0, 63.000000,0.403333333,16,1.266666667
2013/1/6,¥j«F, 33.0, 17.333333,0.076666667,18.66666667,2.6
2013/1/7,¥j«F, 35.0, 38.333333,0.206666667,18.33333333,2.5
2013/1/8,¥j«F, 31.0, 59.666667,0.370000000,17,1.8
2013/1/9,¥j«F, 27.0, 67.333333,0.296666667,14,1.1
2013/1/10,¥j«F, 36.0, 40.000000,0.173333333,14,2.533333333
2013/1/11,¥j«F, 42.0, 39.000000,0.170000000,16.33333333,2.866666667
2013/1/12,¥j«F, 24.0, 29.666667,0.133333333,18,2.6
2013/1/13,¥j«F, 31.0, 35.000000,0.216666667,16,2.1
2013/1/14,¥j«F, 46.0, 54.333333,0.333333333,13.66666667,1.533333333
2013/1/15,¥j«F, 49.0, 66.666667,0.306666667,15.33333333,2.366666667
2013/1/16,¥j«F, 58.0, 57.333333,0.303333333,15,1.366666667
2013/1/17,¥j«F, 45.0, 36.666667,0.153333333,15,2.8
2013/1/18,¥j«F, 45.0, 37.000000,0.136666667,12,2.033333333
2013/1/19,¥j«F, 42.0, 42.333333,0.163333333,16.33333333,2.8
2013/1/20,¥j«F, 51.0, 51.333333,0.306666667,15.66666667,1
2013/1/21,¥j«F, 62.0,157.666667,1.183333333,18.33333333,0.933333333
2013/1/22,¥j«F, 29.0, 78.666667,0.463333333,19,0.966666667
2013/1/23,¥j«F, 36.0, 40.000000,0.230000000,18,2.7
2013/1/24,¥j«F, 63.0, 45.000000,0.233333333,17,2.833333333
2013/1/25,¥j«F, 55.0, 37.000000,0.213333333,15,2.866666667
2013/1/26,¥j«F, 46.0, 31.666667,0.140000000,17.33333333,1.9
2013/1/27,¥j«F, 47.0, 27.000000,0.103333333,13,1.6
2013/1/28,¥j«F, 51.0, 20.000000,0.096666667,15.33333333,3.9
2013/1/29,¥j«F, 34.0,110.000000,0.676666667,15.33333333,1.133333333
2013/1/30,¥j«F, 48.0, 67.666667,0.310000000,17,2.866666667
2013/1/31,¥j«F, 51.0, 76.666667,0.385000000,17.33333333,0.866666667
2013/2/1,¥j«F, 58.0, 64.666667,0.336666667,18,1
2013/2/2,¥j«F, 30.0, 31.333333,0.143333333,22,3.133333333
2013/2/3,¥j«F, 34.0, 45.000000,0.403333333,21.33333333,1.866666667
2013/2/4,¥j«F, 90.0, 76.666667,0.493333333,21,0.833333333
2013/2/5,¥j«F, 35.0, 34.333333,0.246666667,16.66666667,1.866666667
2013/2/6,¥j«F, 28.0, 32.666667,0.186666667,18.66666667,3.066666667
2013/2/7,¥j«F, 39.0, 35.000000,0.170000000,20.33333333,2.133333333
2013/2/8,¥j«F, 45.0, 24.666667,0.103333333,14,3.7
2013/2/9,¥j«F, 37.0, 13.333333,0.080000000,13.66666667,2.7
2013/2/10,¥j«F,  1.6,NA,0.053333333,16,2.166666667
2013/2/11,¥j«F,NA,NA,0.053333333,17.33333333,3.233333333
2013/2/12,¥j«F,NA,NA,0.076666667,15,1.7
2013/2/13,¥j«F, 30.0,NA,0.056666667,14.33333333,2.933333333
2013/2/14,¥j«F, 39.0, 82.333333,0.260000000,18,1.166666667
2013/2/15,¥j«F, 37.0, 43.666667,0.160000000,16,1.066666667
2013/2/16,¥j«F, 45.0, 22.000000,0.050000000,16.33333333,4.033333333
2013/2/17,¥j«F, 30.0,NA,NA,19.33333333,1.166666667
2013/2/18,¥j«F, 64.0,NA,NA,20.33333333,1.133333333
2013/2/19,¥j«F, 36.0, 40.000000,0.213333333,18.66666667,2.566666667
2013/2/20,¥j«F, 43.0, 30.333333,0.123333333,14,3.333333333
2013/2/21,¥j«F, 44.0, 41.666667,0.166666667,17.66666667,2.7
2013/2/22,¥j«F, 39.0, 51.333333,0.333333333,15.33333333,1.233333333
2013/2/23,¥j«F, 50.0, 26.666667,0.106666667,16,3.6
2013/2/24,¥j«F, 55.0, 11.666667,0.043333333,20,4.4
2013/2/25,¥j«F, 68.0, 69.000000,0.443333333,20.33333333,1.566666667
2013/2/26,¥j«F, 91.0,102.666667,0.896666667,20.33333333,1.9
2013/2/27,¥j«F, 34.0, 38.666667,0.200000000,19,2.6
2013/2/28,¥j«F, 42.0, 25.000000,0.110000000,20,3.033333333
2013/3/1,¥j«F, 48.0, 59.000000,0.390000000,21,1.3
2013/3/2,¥j«F, 47.0, 21.666667,0.083333333,13,3.066666667
2013/3/3,¥j«F, 42.0, 18.333333,0.070000000,13,2.6
2013/3/4,¥j«F, 70.0, 40.000000,0.173333333,14.33333333,2.8
2013/3/5,¥j«F, 69.0, 26.666667,0.130000000,18.33333333,4.033333333
2013/3/6,¥j«F, 75.0, 61.666667,0.400000000,18.66666667,1.466666667
2013/3/7,¥j«F, 78.0, 43.666667,0.256666667,18,1.466666667
2013/3/8,¥j«F,102.0, 46.333333,0.246666667,17.66666667,1.5
2013/3/9,¥j«F,104.0, 45.333333,0.256666667,18.66666667,1.166666667
2013/3/10,¥j«F, 78.0, 24.333333,0.133333333,20.33333333,1.233333333
2013/3/11,¥j«F, 53.0, 28.666667,0.110000000,18,4.133333333
2013/3/12,¥j«F, 60.0, 72.000000,0.563333333,19.33333333,1.933333333
2013/3/13,¥j«F, 54.0, 53.000000,0.340000000,22,1.466666667
2013/3/14,¥j«F, 48.0, 32.000000,0.143333333,14,3.1
2013/3/15,¥j«F, 49.0, 34.000000,0.200000000,17,3.4
2013/3/16,¥j«F, 64.0, 56.000000,0.396666667,19,1.433333333
2013/3/17,¥j«F, 84.0, 45.000000,0.436666667,19.66666667,1.4
2013/3/18,¥j«F, 42.0, 69.333333,0.473333333,22.33333333,1.1
2013/3/19,¥j«F, 51.0, 64.000000,0.443333333,23.33333333,0.866666667
2013/3/20,¥j«F, 45.0, 67.000000,0.523333333,24,0.833333333
2013/3/21,¥j«F, 49.0, 29.333333,0.126666667,18,3.766666667
2013/3/22,¥j«F, 56.0, 62.666667,0.436666667,22,1.233333333
2013/3/23,¥j«F, 39.0, 49.333333,0.420000000,24,1.533333333
2013/3/24,¥j«F, 48.0, 22.666667,0.156666667,22,2.366666667
2013/3/25,¥j«F, 55.0, 30.000000,0.146666667,17.66666667,3.2
2013/3/26,¥j«F, 70.0, 90.666667,0.616666667,20.66666667,0.866666667
2013/3/27,¥j«F, 44.0, 42.000000,0.233333333,18,1.466666667
2013/3/28,¥j«F, 49.0, 34.000000,0.146666667,19.33333333,2.9
2013/3/29,¥j«F, 49.0, 36.000000,0.156666667,19,2.866666667
2013/3/30,¥j«F, 56.0, 24.000000,0.083333333,18,3.666666667
2013/3/31,¥j«F, 54.0, 36.000000,0.150000000,18.33333333,0.7
2013/4/1,¥j«F, 58.0, 77.333333,0.433333333,20.66666667,1.033333333
2013/4/2,¥j«F, 86.0, 55.000000,0.310000000,20,1.066666667
2013/4/3,¥j«F, 67.0, 42.333333,0.173333333,16,3.7
2013/4/4,¥j«F, 57.0, 35.666667,0.210000000,20.33333333,0.8
2013/4/5,¥j«F, 21.0, 33.333333,0.223333333,21.33333333,0.966666667
2013/4/6,¥j«F, 47.0, 25.000000,0.150000000,21.33333333,1.966666667
2013/4/7,¥j«F, 61.0, 18.000000,0.086666667,16,3.466666667
2013/4/8,¥j«F, 51.0, 79.666667,0.436666667,18.33333333,1.333333333
2013/4/9,¥j«F, 52.0, 52.333333,0.316666667,19.33333333,2.033333333
2013/4/10,¥j«F, 77.0, 35.666667,0.163333333,18.33333333,2.866666667
2013/4/11,¥j«F, 67.0, 41.000000,0.193333333,19,3.4
2013/4/12,¥j«F, 55.0, 43.333333,0.160000000,15.66666667,1.966666667
2013/4/13,¥j«F, 60.0, 37.666667,0.160000000,17.66666667,2.666666667
2013/4/14,¥j«F, 39.0, 40.333333,0.200000000,17,1.166666667
2013/4/15,¥j«F, 72.0, 41.333333,0.213333333,23,2.133333333
2013/4/16,¥j«F, 76.0, 49.666667,0.306666667,23.66666667,1
2013/4/17,¥j«F, 51.0, 50.000000,0.370000000,25,1.333333333
2013/4/18,¥j«F, 55.0, 77.333333,0.576666667,25.33333333,1.033333333
2013/4/19,¥j«F, 51.0, 32.333333,0.146666667,21.33333333,2.933333333
2013/4/20,¥j«F, 53.0, 55.000000,0.423333333,22.66666667,1
2013/4/21,¥j«F, 53.0, 16.666667,0.066666667,16,3.166666667
2013/4/22,¥j«F, 58.0, 21.000000,0.106666667,18.66666667,3.8
2013/4/23,¥j«F, 77.0, 56.000000,0.376666667,23.33333333,1
2013/4/24,¥j«F, 65.0, 50.666667,0.410000000,25,1.2
2013/4/25,¥j«F, 32.0, 50.666667,0.340000000,23,1.5
2013/4/26,¥j«F, 77.0, 53.333333,0.273333333,20.66666667,2.866666667
2013/4/27,¥j«F, 75.0, 20.333333,0.140000000,18.33333333,2.7
2013/4/28,¥j«F, 35.0, 46.000000,0.260000000,21.66666667,0.8
2013/4/29,¥j«F, 51.0, 41.666667,0.270000000,25,1.366666667
2013/4/30,¥j«F, 66.0, 44.000000,0.276666667,26.33333333,1.133333333
2013/5/1,¥j«F, 64.0, 21.666667,0.086666667,17.33333333,3.866666667
2013/5/2,¥j«F, 63.0, 31.666667,0.133333333,20,2.766666667
2013/5/3,¥j«F, 58.0, 37.000000,0.170000000,22,2.5
2013/5/4,¥j«F, 41.0, 41.666667,0.186666667,24,2
2013/5/5,¥j«F, 40.0, 23.000000,0.116666667,25.66666667,2.366666667
2013/5/6,¥j«F, 41.0, 39.000000,0.206666667,26,2.366666667
2013/5/7,¥j«F, 35.0, 23.333333,0.100000000,27.33333333,2.4
2013/5/8,¥j«F, 41.0, 18.666667,0.076666667,26.66666667,2.933333333
2013/5/9,¥j«F, 96.0, 46.333333,0.320000000,25.66666667,1.4
2013/5/10,¥j«F, 61.0, 47.000000,0.390000000,27.33333333,1.266666667
2013/5/11,¥j«F, 45.0, 39.000000,0.250000000,23,1
2013/5/12,¥j«F, 32.0, 25.666667,0.130000000,22,1.3
2013/5/13,¥j«F, 50.0, 47.666667,0.306666667,25,1.033333333
2013/5/14,¥j«F, 68.0, 41.333333,0.303333333,25.66666667,1.066666667
2013/5/15,¥j«F, 60.0, 45.000000,0.300000000,27,1
2013/5/16,¥j«F, 16.0, 61.666667,0.443333333,26.33333333,0.833333333
2013/5/17,¥j«F, 51.0, 61.000000,0.460000000,26.33333333,1.1
2013/5/18,¥j«F, 29.0, 47.000000,0.313333333,25.33333333,0.633333333
2013/5/19,¥j«F, 42.0, 26.666667,0.170000000,28.33333333,1.733333333
2013/5/20,¥j«F, 35.0, 42.333333,0.293333333,28.66666667,1.166666667
2013/5/21,¥j«F, 42.0, 62.333333,0.420000000,24.33333333,0.933333333
2013/5/22,¥j«F, 35.0, 68.666667,0.483333333,25,0.733333333
2013/5/23,¥j«F, 35.0, 52.000000,0.363333333,25.33333333,1.133333333
2013/5/24,¥j«F, 41.0, 48.000000,0.343333333,26.66666667,1.2
2013/5/25,¥j«F, 45.0, 19.333333,0.090000000,27.66666667,2.9
2013/5/26,¥j«F, 83.0, 15.666667,0.066666667,27.33333333,1.4
2013/5/27,¥j«F, 79.0, 29.666667,0.183333333,28.33333333,1.4
2013/5/28,¥j«F, 48.0, 47.333333,0.330000000,29,1.833333333
2013/5/29,¥j«F, 89.0, 41.000000,0.320000000,30.33333333,1.4
2013/5/30,¥j«F,121.0, 36.000000,0.300000000,29.66666667,1.366666667
2013/5/31,¥j«F, 64.0, 35.333333,0.293333333,30,1.533333333
2013/6/1,¥j«F, 73.0, 32.666667,0.223333333,29,2.033333333
2013/6/2,¥j«F, 66.0, 22.000000,0.166666667,29.66666667,2.433333333
2013/6/3,¥j«F, 50.0, 27.000000,0.173333333,28.66666667,2.266666667
2013/6/4,¥j«F, 49.0, 40.000000,0.210000000,27,1.433333333
2013/6/5,¥j«F, 39.0, 54.000000,0.353333333,26,0.9
2013/6/6,¥j«F, 52.0, 34.666667,0.206666667,28,1.133333333
2013/6/7,¥j«F, 84.0, 41.666667,0.303333333,28.33333333,1.4
2013/6/8,¥j«F, 55.0, 28.666667,0.170000000,30,2.6
2013/6/9,¥j«F, 39.0, 27.000000,0.186666667,29,1.6
2013/6/10,¥j«F, 48.0, 28.333333,0.166666667,26.33333333,3.566666667
2013/6/11,¥j«F, 45.0, 41.000000,0.290000000,26,0.833333333
2013/6/12,¥j«F, 39.0, 16.666667,0.096666667,27.66666667,3.633333333
2013/6/13,¥j«F, 18.0, 35.666667,0.226666667,28.66666667,2.233333333
2013/6/14,¥j«F, 48.0, 53.666667,0.396666667,28.66666667,1.2
2013/6/15,¥j«F, 85.0, 42.666667,0.406666667,28.66666667,1.633333333
2013/6/16,¥j«F, 97.0, 40.333333,0.193333333,26.66666667,1.2
2013/6/17,¥j«F, 72.0, 42.666667,0.296666667,29,1.633333333
2013/6/18,¥j«F, 93.0, 37.000000,0.260000000,29.66666667,1.466666667
2013/6/19,¥j«F, 55.0, 44.000000,0.396666667,29.66666667,1.566666667
2013/6/20,¥j«F, 84.0, 46.666667,0.323333333,29.33333333,1.866666667
2013/6/21,¥j«F, 94.0, 22.000000,0.180000000,33,2.3
2013/6/22,¥j«F, 54.0, 37.333333,0.333333333,30.66666667,2.366666667
2013/6/23,¥j«F, 79.0, 23.333333,0.176666667,31,1.666666667
2013/6/24,¥j«F, 60.0, 37.666667,0.313333333,29.33333333,1.033333333
2013/6/25,¥j«F, 55.0, 38.333333,0.250000000,30,1.333333333
2013/6/26,¥j«F, 52.0, 44.333333,0.313333333,30,1.833333333
2013/6/27,¥j«F, 53.0, 29.000000,0.233333333,32,3.133333333
2013/6/28,¥j«F, 64.0, 37.333333,0.286666667,30.33333333,2.1
2013/6/29,¥j«F, 87.0, 32.000000,0.200000000,30.66666667,1.666666667
2013/6/30,¥j«F, 66.0, 30.000000,0.200000000,29,1.533333333
2013/7/1,¥j«F, 71.0, 34.666667,0.223333333,30.66666667,1.366666667
2013/7/2,¥j«F,112.0, 33.000000,0.240000000,31,1.166666667
2013/7/3,¥j«F, 72.0, 34.000000,0.226666667,30,1.2
2013/7/4,¥j«F, 64.0, 28.666667,0.200000000,31.33333333,3.166666667
2013/7/5,¥j«F, 82.0, 30.000000,0.226666667,30.33333333,1.533333333
2013/7/6,¥j«F,105.0, 29.666667,0.196666667,29.66666667,0.8
2013/7/7,¥j«F, 78.0, 21.333333,0.180000000,29.66666667,1.133333333
2013/7/8,¥j«F, 72.0, 24.000000,0.143333333,30,1.366666667
2013/7/9,¥j«F, 74.0, 26.333333,0.183333333,29.66666667,1.066666667
2013/7/10,¥j«F, 71.0, 32.333333,0.220000000,29.66666667,1.433333333
2013/7/11,¥j«F, 60.0, 33.666667,0.263333333,29,1.733333333
2013/7/12,¥j«F, 24.0, 30.333333,0.210000000,28.33333333,1.466666667
2013/7/13,¥j«F, 33.0,  8.933333,0.063333333,28.66666667,2.366666667
2013/7/14,¥j«F, 92.0, 23.333333,0.160000000,29.33333333,1.166666667
2013/7/15,¥j«F, 68.0, 31.333333,0.203333333,30,1.6
2013/7/16,¥j«F, 24.0, 24.000000,0.110000000,30,1.533333333
2013/7/17,¥j«F, 22.0, 25.666667,0.126666667,30.33333333,2.166666667
2013/7/18,¥j«F, 14.0, 17.333333,0.066666667,29.66666667,3.833333333
2013/7/19,¥j«F, 44.0, 49.666667,0.273333333,27.66666667,1.166666667
2013/7/20,¥j«F, 75.0, 34.000000,0.246666667,28.33333333,1.3
2013/7/21,¥j«F, 68.0, 20.333333,0.140000000,29.33333333,1.4
2013/7/22,¥j«F, 83.0, 29.333333,0.230000000,30,1.533333333
2013/7/23,¥j«F, 81.0, 30.000000,0.186666667,30,1.5
2013/7/24,¥j«F, 95.0, 34.000000,0.286666667,30,1.966666667
2013/7/25,¥j«F, 65.0, 37.000000,0.320000000,29.66666667,1.666666667
2013/7/26,¥j«F, 64.0, 27.000000,0.150000000,30,2
2013/7/27,¥j«F, 61.0, 39.666667,0.256666667,28,1.233333333
2013/7/28,¥j«F, 70.0, 21.666667,0.176666667,29,1.333333333
2013/7/29,¥j«F, 57.0, 31.666667,0.243333333,30,1.966666667
2013/7/30,¥j«F, 91.0, 32.666667,0.270000000,30,1.5
2013/7/31,¥j«F, 96.0, 30.666667,0.243333333,30,1.2
2013/8/1,¥j«F, 16.0, 35.666667,0.190000000,30,2.266666667
2013/8/2,¥j«F, 59.0, 44.000000,0.250000000,29.33333333,1.533333333
2013/8/3,¥j«F, 75.0, 24.333333,0.180000000,30.66666667,1.4
2013/8/4,¥j«F, 66.0, 26.333333,0.210000000,31,1.7
2013/8/5,¥j«F, 69.0, 32.666667,0.236666667,31,2.066666667
2013/8/6,¥j«F, 56.0, 39.666667,0.310000000,30,1.6
2013/8/7,¥j«F, 66.0, 30.000000,0.210000000,30.33333333,1.466666667
2013/8/8,¥j«F, 79.0, 30.000000,0.233333333,31,2.333333333
2013/8/9,¥j«F, 95.0, 28.000000,0.240000000,33,1.6
2013/8/10,¥j«F, 83.0, 24.333333,0.223333333,30.66666667,1.5
2013/8/11,¥j«F, 73.0, 23.666667,0.200000000,30,1.633333333
2013/8/12,¥j«F, 15.0, 24.000000,0.103333333,31.66666667,3.2
2013/8/13,¥j«F, 16.0, 23.000000,0.093333333,31.66666667,2.966666667
2013/8/14,¥j«F, 65.0, 36.000000,0.253333333,30.33333333,1.866666667
2013/8/15,¥j«F, 28.0, 42.666667,0.333333333,27.33333333,1.233333333
2013/8/16,¥j«F, 59.0, 32.666667,0.183333333,29,1.633333333
2013/8/17,¥j«F, 45.0, 24.666667,0.150000000,29,1.366666667
2013/8/18,¥j«F, 67.0, 27.000000,0.210000000,28.66666667,1.9
2013/8/19,¥j«F, 61.0, 46.666667,0.286666667,29,1.533333333
2013/8/20,¥j«F, 29.0, 39.666667,0.383333333,26.33333333,1.766666667
2013/8/21,¥j«F, 18.0, 32.666667,0.360000000,27.33333333,1.533333333
2013/8/22,¥j«F, 72.0, 49.000000,0.360000000,27,1.1
2013/8/23,¥j«F, 80.0, 49.000000,0.490000000,29,1.1
2013/8/24,¥j«F, 72.0, 26.333333,0.190000000,29,1.5
2013/8/25,¥j«F, 84.0, 20.000000,0.146666667,29,1.333333333
2013/8/26,¥j«F, 92.0, 35.666667,0.266666667,29.66666667,1.433333333
2013/8/27,¥j«F, 42.0, 35.666667,0.203333333,30,2.233333333
2013/8/28,¥j«F, 19.0, 16.333333,0.080000000,30.66666667,3.433333333
2013/8/29,¥j«F, 14.0, 38.333333,0.353333333,27,2.4
2013/8/30,¥j«F, 48.0, 42.000000,0.286666667,26.66666667,1.666666667
2013/8/31,¥j«F, 42.0, 39.000000,0.333333333,27.33333333,1.233333333
2013/9/1,¥j«F, 56.0, 14.633333,0.080000000,24,2.766666667
2013/9/2,¥j«F, 52.0, 45.666667,0.386666667,25.33333333,1.766666667
2013/9/3,¥j«F, 63.0, 49.000000,0.373333333,25,1.2
2013/9/4,¥j«F, 36.0, 30.000000,0.163333333,26.66666667,2.433333333
2013/9/5,¥j«F, 33.0, 21.666667,0.100000000,27.66666667,3.2
2013/9/6,¥j«F, 28.0, 29.333333,0.160000000,29,2.666666667
2013/9/7,¥j«F, 34.0, 19.666667,0.096666667,29.33333333,3.266666667
2013/9/8,¥j«F, 34.0, 11.000000,0.040000000,29,3.5
2013/9/9,¥j«F, 26.0, 18.000000,0.086666667,29.33333333,3.233333333
2013/9/10,¥j«F, 27.0, 28.333333,NA,30,2.6
2013/9/11,¥j«F, 22.0, 29.666667,0.150000000,30.66666667,2.033333333
2013/9/12,¥j«F, 15.0, 18.000000,0.076666667,30.66666667,3.866666667
2013/9/13,¥j«F, 18.0, 31.666667,0.170000000,30.33333333,3.3
2013/9/14,¥j«F, 26.0, 33.000000,0.183333333,30,1.8
2013/9/15,¥j«F, 22.0, 17.666667,0.086666667,29.66666667,2.566666667
2013/9/16,¥j«F, 46.0, 21.666667,0.106666667,28.66666667,3.666666667
2013/9/17,¥j«F, 45.0, 29.666667,0.150000000,27.66666667,3.7
2013/9/18,¥j«F, 36.0, 33.000000,0.173333333,26.66666667,2.466666667
2013/9/19,¥j«F, 22.0, 11.666667,0.060000000,29,3.433333333
2013/9/20,¥j«F, 28.0, 15.000000,0.063333333,26.66666667,2.933333333
2013/9/21,¥j«F, 19.0,  7.633333,0.020000000,28,4.833333333
2013/9/22,¥j«F, 26.0,  7.766667,0.020000000,28,3.866666667
2013/9/23,¥j«F, 24.0, 26.333333,0.130000000,29,3.133333333
2013/9/24,¥j«F, 29.0, 22.333333,0.106666667,29.66666667,3.866666667
2013/9/25,¥j«F, 40.0, 23.666667,0.120000000,28.33333333,3.533333333
2013/9/26,¥j«F, 45.0, 33.000000,0.126666667,25,2.766666667
2013/9/27,¥j«F, 40.0,NA,NA,#DIV/0!,#DIV/0!
2013/9/28,¥j«F, 36.0, 24.000000,0.106666667,27,3.233333333
2013/9/29,¥j«F, 31.0, 16.666667,0.076666667,29,3.033333333
2013/9/30,¥j«F, 41.0, 34.000000,0.166666667,25,2.833333333
2013/10/1,¥j«F, 42.0, 38.666667,0.183333333,26.33333333,2.466666667
2013/10/2,¥j«F, 69.0, 27.000000,0.123333333,27,3
2013/10/3,¥j«F, 43.0, 29.666667,0.163333333,24.66666667,2.566666667
2013/10/4,¥j«F, 46.0, 55.333333,0.310000000,23.33333333,1.833333333
2013/10/5,¥j«F, 42.0, 69.000000,0.476666667,23.66666667,1.366666667
2013/10/6,¥j«F, 33.0,  8.766667,0.040000000,25,4.9
2013/10/7,¥j«F, 31.0, 62.666667,0.413333333,25,1.4
2013/10/8,¥j«F, 74.0, 38.000000,0.320000000,27.66666667,1.6
2013/10/9,¥j«F, 37.0, 44.666667,0.226666667,25,2.1
2013/10/10,¥j«F, 30.0, 24.333333,0.106666667,26.66666667,2.9
2013/10/11,¥j«F, 38.0, 42.333333,0.183333333,26,2.866666667
2013/10/12,¥j«F, 71.0, 20.333333,0.100000000,25,3.333333333
2013/10/13,¥j«F, 44.0, 12.666667,0.040000000,26.33333333,3.7
2013/10/14,¥j«F, 37.0, 48.000000,0.290000000,26.33333333,1.766666667
2013/10/15,¥j«F, 53.0, 44.000000,0.303333333,25.66666667,2.066666667
2013/10/16,¥j«F, 44.0, 24.333333,0.096666667,22.33333333,3.3
2013/10/17,¥j«F, 40.0, 51.333333,0.263333333,23,2.366666667
2013/10/18,¥j«F, 36.0, 43.333333,0.203333333,23,1.666666667
2013/10/19,¥j«F, 33.0, 37.333333,0.166666667,24,1.866666667
2013/10/20,¥j«F, 44.0, 21.666667,0.090000000,24.66666667,2.2
2013/10/21,¥j«F, 52.0, 31.333333,0.130000000,23,1.766666667
2013/10/22,¥j«F, 57.0, 55.000000,0.293333333,22,1.766666667
2013/10/23,¥j«F, 62.0, 47.000000,0.303333333,22,1.833333333
2013/10/24,¥j«F, 65.0, 43.000000,0.273333333,20.66666667,1.533333333
2013/10/25,¥j«F, 68.0, 69.333333,0.383333333,20.33333333,1.566666667
2013/10/26,¥j«F, 56.0, 22.333333,0.113333333,20.66666667,2.4
2013/10/27,¥j«F, 46.0, 23.666667,0.100000000,21.66666667,2.8
2013/10/28,¥j«F, 41.0, 35.666667,0.170000000,22.66666667,2.466666667
2013/10/29,¥j«F, 42.0, 22.000000,0.106666667,24.66666667,3.1
2013/10/30,¥j«F, 37.0, 25.666667,0.110000000,25.66666667,3.266666667
2013/10/31,¥j«F, 43.0, 22.000000,0.086666667,24.33333333,3.333333333
2013/11/1,¥j«F, 38.0, 30.333333,0.120000000,24.33333333,3.266666667
2013/11/2,¥j«F, 23.0, 74.333333,0.583333333,25,1.466666667
2013/11/3,¥j«F, 39.0, 40.000000,0.230000000,25,0.833333333
2013/11/4,¥j«F, 47.0, 31.333333,0.143333333,22,3
2013/11/5,¥j«F, 55.0, 31.000000,0.136666667,21,3.766666667
2013/11/6,¥j«F, 35.0, 53.000000,0.260000000,24.33333333,1.666666667
2013/11/7,¥j«F, 58.0, 24.666667,0.106666667,23,3.6
2013/11/8,¥j«F, 52.0, 36.666667,0.156666667,25,3.4
2013/11/9,¥j«F, 23.0, 12.333333,0.033333333,27.33333333,3.666666667
2013/11/10,¥j«F,103.0, 47.666667,0.403333333,26,1.133333333
2013/11/11,¥j«F, 43.0, 25.333333,0.123333333,22,3.966666667
2013/11/12,¥j«F, 38.0, 26.000000,0.110000000,19.33333333,4.033333333
2013/11/13,¥j«F, 33.0, 27.666667,0.106666667,19,3.633333333
2013/11/14,¥j«F, 35.0, 37.000000,0.150000000,21.33333333,3.4
2013/11/15,¥j«F, 37.0, 36.333333,0.156666667,21.66666667,3.033333333
2013/11/16,¥j«F, 42.0, 27.666667,0.130000000,20.66666667,2.4
2013/11/17,¥j«F, 67.0, 32.000000,0.156666667,19,2.333333333
2013/11/18,¥j«F, 55.0, 63.333333,0.280000000,17.33333333,2
2013/11/19,¥j«F, 57.0, 35.333333,0.130000000,17.66666667,3.233333333
2013/11/20,¥j«F, 60.0, 48.666667,0.193333333,19.33333333,2.666666667
2013/11/21,¥j«F, 38.0, 36.333333,0.165000000,21,3.166666667
2013/11/22,¥j«F, 34.0, 27.666667,0.126666667,20,3.766666667
2013/11/23,¥j«F, 41.0, 20.666667,0.080000000,23.66666667,3.066666667
2013/11/24,¥j«F, 68.0, 35.333333,0.196666667,23,1.3
2013/11/25,¥j«F, 39.0, 45.000000,0.270000000,18.33333333,2.7
2013/11/26,¥j«F, 38.0, 25.000000,0.096666667,19,4.2
2013/11/27,¥j«F, 50.0, 58.000000,0.323333333,19.66666667,1.966666667
2013/11/28,¥j«F, 31.0, 40.666667,0.166666667,14,2.366666667
2013/11/29,¥j«F, 44.0, 65.666667,0.276666667,13.66666667,2.166666667
2013/11/30,¥j«F, 44.0, 59.666667,0.266666667,16,2.066666667
2013/12/1,¥j«F, 47.0, 42.000000,0.186666667,16.66666667,1.9
2013/12/2,¥j«F, 54.0, 66.666667,0.306666667,17.33333333,2.766666667
2013/12/3,¥j«F, 55.0, 84.000000,0.410000000,16.66666667,1.8
2013/12/4,¥j«F, 45.0, 74.000000,0.390000000,16,1.666666667
2013/12/5,¥j«F, 43.0, 39.000000,0.166666667,19.66666667,2.3
2013/12/6,¥j«F, 44.0, 30.666667,0.136666667,18,3.133333333
2013/12/7,¥j«F, 50.0, 18.000000,0.076666667,21,3.766666667
2013/12/8,¥j«F, 42.0, 21.666667,0.096666667,21.66666667,3.033333333
2013/12/9,¥j«F, 54.0, 34.333333,0.260000000,20.66666667,2.2
2013/12/10,¥j«F, 35.0, 36.666667,0.183333333,15,3.033333333
2013/12/11,¥j«F, 37.0, 36.000000,0.143333333,17,2.433333333
2013/12/12,¥j«F, 33.0, 38.666667,0.180000000,15.33333333,3.233333333
2013/12/13,¥j«F, 33.0,109.333333,0.736666667,18.33333333,0.733333333
2013/12/14,¥j«F, 41.0, 38.333333,0.156666667,18.33333333,2
2013/12/15,¥j«F, 33.0, 26.000000,0.116666667,20,2.1
2013/12/16,¥j«F, 37.0, 31.666667,0.146666667,22,3.133333333
2013/12/17,¥j«F, 25.0, 72.666667,0.400000000,17,1.133333333
2013/12/18,¥j«F, 21.0, 43.666667,0.240000000,14,1.4
2013/12/19,¥j«F, 33.0, 70.666667,0.330000000,13,1.4
2013/12/20,¥j«F, 37.0, 37.666667,0.133333333,13,2.6
2013/12/21,¥j«F, 36.0, 35.333333,0.166666667,12,2.5
2013/12/22,¥j«F, 29.0, 28.000000,0.120000000,13.33333333,1.8
2013/12/23,¥j«F, 38.0, 39.333333,0.146666667,15,2.333333333
2013/12/24,¥j«F, 38.0, 43.666667,0.153333333,14,2.433333333
2013/12/25,¥j«F, 42.0, 50.333333,0.193333333,15.33333333,2.233333333
2013/12/26,¥j«F, 36.0, 55.666667,0.323333333,14.66666667,1.466666667
2013/12/27,¥j«F, 26.0, 37.333333,0.176666667,11,2.5
2013/12/28,¥j«F, 25.0, 38.000000,0.150000000,13.33333333,2.1
2013/12/29,¥j«F, 28.0, 36.666667,0.126666667,11,1.7
2013/12/30,¥j«F, 36.0, 60.000000,0.253333333,14.33333333,1.566666667
2013/12/31,¥j«F, 44.0, 54.666667,0.230000000,16.33333333,2.2
2014/1/1,¥j«F, 52.0, 46.333333,0.200000000,16.33333333,2.066666667
2014/1/2,¥j«F, 52.0, 67.333333,0.326666667,18,1.266666667
2014/1/3,¥j«F, 24.0, 73.666667,0.450000000,18,1.433333333
2014/1/4,¥j«F, 44.0, 39.666667,0.176666667,18.33333333,2.6
2014/1/5,¥j«F, 52.0, 33.333333,0.143333333,15,2.8
2014/1/6,¥j«F, 51.0, 33.333333,0.140000000,17.33333333,3.3
2014/1/7,¥j«F, 55.0, 65.666667,0.290000000,18.33333333,1.266666667
2014/1/8,¥j«F, 31.0, 59.333333,0.343333333,17.33333333,1.566666667
2014/1/9,¥j«F, 40.0, 52.666667,0.233333333,13,1.533333333
2014/1/10,¥j«F, 37.0, 27.666667,0.110000000,14,3.933333333
2014/1/11,¥j«F, 36.0, 37.333333,0.140000000,18.33333333,2.466666667
2014/1/12,¥j«F, 31.0, 34.000000,0.170000000,16.33333333,1.466666667
2014/1/13,¥j«F, 35.0, 39.333333,0.183333333,15.33333333,2.4
2014/1/14,¥j«F, 36.0, 46.000000,0.156666667,14,1.533333333
2014/1/15,¥j«F, 41.0, 33.333333,0.123333333,14.66666667,3.066666667
2014/1/16,¥j«F, 37.0, 58.666667,0.266666667,14.33333333,2.433333333
2014/1/17,¥j«F, 33.0, 38.000000,0.140000000,16.33333333,2.866666667
2014/1/18,¥j«F, 64.0, 48.333333,0.236666667,14.33333333,2.1
2014/1/19,¥j«F, 44.0, 14.333333,0.066666667,15.33333333,4.3
2014/1/20,¥j«F, 43.0, 63.000000,0.283333333,13.33333333,1.733333333
2014/1/21,¥j«F, 45.0, 32.666667,0.143333333,13.33333333,3.2
2014/1/22,¥j«F, 36.0, 40.000000,0.163333333,11.66666667,2.333333333
2014/1/23,¥j«F, 38.0, 26.666667,0.086666667,15,3.933333333
2014/1/24,¥j«F, 52.0,142.666667,0.823333333,14.33333333,1.833333333
2014/1/25,¥j«F, 44.0, 56.333333,0.280000000,15,1.266666667
2014/1/26,¥j«F, 48.0, 25.000000,0.093333333,17,2.766666667
2014/1/27,¥j«F, 37.0, 40.000000,0.146666667,17,2.4
2014/1/28,¥j«F, 41.0, 74.000000,0.363333333,17.33333333,1.6
2014/1/29,¥j«F, 38.0, 60.666667,0.276666667,19.33333333,2.266666667
2014/1/30,¥j«F,105.0, 30.666667,0.190000000,16.33333333,1.2
2014/1/31,¥j«F, 46.0, 20.300000,0.093333333,20.66666667,3
2014/2/1,¥j«F, 63.0, 25.000000,0.173333333,18,1.433333333
2014/2/2,¥j«F, 39.0, 27.333333,0.130000000,18.33333333,1.3
2014/2/3,¥j«F, 46.0, 32.000000,0.163333333,21,1.5
2014/2/4,¥j«F, 47.0, 13.333333,0.060000000,15,3.7
2014/2/5,¥j«F, 38.0, 28.000000,0.103333333,15.66666667,3.066666667
2014/2/6,¥j«F, 47.0, 46.333333,0.316666667,17.33333333,1
2014/2/7,¥j«F, 18.0, 37.000000,0.250000000,17,0.6
2014/2/8,¥j«F, 29.0, 27.333333,0.116666667,14,1.966666667
2014/2/9,¥j«F, 33.0, 18.333333,0.063333333,14,2.466666667
2014/2/10,¥j«F, 35.0, 36.666667,0.140000000,11,2.066666667
2014/2/11,¥j«F, 33.0, 35.666667,0.203333333,8.166666667,1.1
2014/2/12,¥j«F, 18.0, 99.333333,0.526666667,10.66666667,0.8
2014/2/13,¥j«F, 27.0, 85.666667,0.553333333,14,1.233333333
2014/2/14,¥j«F, 30.0, 58.666667,0.313333333,11.33333333,1.066666667
2014/2/15,¥j«F, 42.0, 24.333333,0.120000000,12.66666667,1.9
2014/2/16,¥j«F, 40.0, 48.666667,0.213333333,16,1.1
2014/2/17,¥j«F, 54.0, 74.000000,0.373333333,18,1.133333333
2014/2/18,¥j«F, 31.0, 39.333333,0.210000000,18.33333333,2.4
2014/2/19,¥j«F, 27.0, 35.000000,0.220000000,12,1.933333333
2014/2/20,¥j«F, 41.0, 18.333333,NA,11.66666667,2.833333333
2014/2/21,¥j«F, 39.0, 34.000000,0.120000000,14,2.633333333
2014/2/22,¥j«F, 35.0, 29.666667,0.123333333,17,2.433333333
2014/2/23,¥j«F, 41.0, 11.666667,0.043333333,19.66666667,3.866666667
2014/2/24,¥j«F, 44.0, 29.000000,0.106666667,21.66666667,2.666666667
2014/2/25,¥j«F, 56.0, 72.000000,0.416666667,18.66666667,0.933333333
2014/2/26,¥j«F, 33.0, 79.333333,0.673333333,20.33333333,1.3
2014/2/27,¥j«F, 41.0, 35.000000,0.163333333,18.66666667,3.333333333
2014/2/28,¥j«F, 41.0, 26.333333,0.103333333,20.66666667,3
2014/3/1,¥j«F, 43.0, 44.333333,0.240000000,19.33333333,1.066666667
2014/3/2,¥j«F, 39.0, 19.000000,0.070000000,15,2.533333333
2014/3/3,¥j«F, 44.0, 38.666667,0.146666667,14,2.433333333
2014/3/4,¥j«F, 32.0, 43.666667,0.266666667,15.66666667,1.233333333
2014/3/5,¥j«F, 44.0, 39.666667,0.173333333,14.33333333,2.433333333
2014/3/6,¥j«F, 50.0, 39.333333,0.150000000,13.33333333,2.466666667
2014/3/7,¥j«F, 40.0, 32.000000,0.113333333,14,3.733333333
2014/3/8,¥j«F, 30.0, 83.666667,0.493333333,16,0.866666667
2014/3/9,¥j«F, 44.0, 42.333333,0.156666667,13,1.4
2014/3/10,¥j«F, 51.0, 25.333333,0.113333333,15.33333333,3.533333333
2014/3/11,¥j«F, 41.0, 67.000000,0.296666667,18.66666667,1.6
2014/3/12,¥j«F, 25.0,106.333333,0.846666667,18,1.066666667
2014/3/13,¥j«F, 43.0, 52.000000,0.263333333,16,2.1
2014/3/14,¥j«F, 52.0, 40.000000,0.160000000,14.33333333,2.5
2014/3/15,¥j«F, 54.0, 18.666667,0.066666667,17,3.2
2014/3/16,¥j«F, 32.0, 42.333333,0.213333333,17.66666667,1.3
2014/3/17,¥j«F, 56.0, 87.333333,0.530000000,19,1.366666667
2014/3/18,¥j«F, 68.0, 64.333333,0.403333333,21,1.233333333
2014/3/19,¥j«F, 57.0, 60.000000,0.433333333,23,1.133333333
2014/3/20,¥j«F, 52.0, 38.333333,0.223333333,19.66666667,2.566666667
2014/3/21,¥j«F, 52.0, 38.000000,0.133333333,12.33333333,2.333333333
2014/3/22,¥j«F, 47.0, 15.000000,0.046666667,15.66666667,4.066666667
2014/3/23,¥j«F, 44.0, 15.000000,0.056666667,19.66666667,3.8
2014/3/24,¥j«F, 42.0, 45.333333,0.206666667,21.66666667,2.333333333
2014/3/25,¥j«F, 88.0, 48.333333,0.266666667,21,1.233333333
2014/3/26,¥j«F, 58.0, 53.333333,0.393333333,24,1.366666667
2014/3/27,¥j«F, 53.0, 54.333333,0.433333333,24.33333333,1.433333333
2014/3/28,¥j«F, 68.0, 40.666667,0.233333333,26.33333333,1.5
2014/3/29,¥j«F, 67.0, 33.333333,0.226666667,25.66666667,1.466666667
2014/3/30,¥j«F, 67.0, 17.000000,0.113333333,22,3.6
2014/3/31,¥j«F, 59.0, 34.333333,0.170000000,21.33333333,1.933333333
2014/4/1,¥j«F, 47.0, 32.333333,0.220000000,18,1.7
2014/4/2,¥j«F, 39.0, 37.333333,0.166666667,19.33333333,1.6
2014/4/3,¥j«F, 36.0, 41.333333,0.216666667,19,1.233333333
2014/4/4,¥j«F, 60.0, 19.333333,0.080000000,18.66666667,3.333333333
2014/4/5,¥j«F, 74.0, 20.000000,0.093333333,20.66666667,2
2014/4/6,¥j«F, 61.0, 11.333333,0.050000000,22,4.533333333
2014/4/7,¥j«F, 56.0, 47.666667,0.273333333,18.66666667,1.166666667
2014/4/8,¥j«F, 47.0, 52.000000,0.386666667,21,0.933333333
2014/4/9,¥j«F, 38.0, 44.333333,0.300000000,22,1.133333333
2014/4/10,¥j«F, 47.0, 27.666667,0.113333333,23,4.1
2014/4/11,¥j«F,118.0, 34.333333,0.193333333,23.66666667,1.366666667
2014/4/12,¥j«F, 85.0, 24.666667,0.196666667,23.66666667,1.266666667
2014/4/13,¥j«F, 63.0, 20.333333,0.160000000,25,1.466666667
2014/4/14,¥j«F, 53.0, 28.333333,0.106666667,20,3.033333333
2014/4/15,¥j«F, 56.0, 25.333333,0.103333333,22,4.3
2014/4/16,¥j«F, 91.0, 50.666667,0.343333333,22.33333333,1.666666667
2014/4/17,¥j«F, 90.0, 39.000000,0.270000000,25,1.3
2014/4/18,¥j«F, 84.0, 38.000000,0.233333333,25.33333333,1.333333333
2014/4/19,¥j«F, 66.0, 28.333333,0.263333333,25,1.333333333
2014/4/20,¥j«F, 37.0, 32.000000,0.243333333,25,1.633333333
2014/4/21,¥j«F, 43.0, 27.666667,0.110000000,21.33333333,3.3
2014/4/22,¥j«F, 42.0, 61.000000,0.436666667,23.66666667,2.1
2014/4/23,¥j«F, 48.0, 28.333333,0.110000000,20.33333333,3.066666667
2014/4/24,¥j«F, 56.0, 47.000000,0.246666667,21,1
2014/4/25,¥j«F, 30.0, 65.666667,0.583333333,22.33333333,1.166666667
2014/4/26,¥j«F, 42.0, 26.000000,0.140000000,27,1.5
2014/4/27,¥j«F, 54.0, 34.000000,0.316666667,24.66666667,1.166666667
2014/4/28,¥j«F, 64.0, 25.333333,0.150000000,22.66666667,3.266666667
2014/4/29,¥j«F, 59.0, 24.000000,0.226666667,21.66666667,4.166666667
2014/4/30,¥j«F, 44.0, 37.333333,0.173333333,22.66666667,2.233333333
2014/5/1,¥j«F, 45.0, 40.666667,0.220000000,20.33333333,0.933333333
2014/5/2,¥j«F, 43.0, 41.000000,0.230000000,23.66666667,1.766666667
2014/5/3,¥j«F, 58.0, 23.333333,0.096666667,23.33333333,3.166666667
2014/5/4,¥j«F, 56.0, 31.000000,0.150000000,23.33333333,0.766666667
2014/5/5,¥j«F, 55.0, 32.666667,0.130000000,19.33333333,2.4
2014/5/6,¥j«F, 56.0, 32.666667,0.123333333,17.33333333,2.866666667
2014/5/7,¥j«F, 34.0, 78.000000,0.513333333,21,1.3
2014/5/8,¥j«F, 48.0, 52.333333,0.420000000,22.33333333,0.833333333
2014/5/9,¥j«F, 38.0, 54.000000,0.270000000,22.66666667,1.8
2014/5/10,¥j«F, 71.0, 33.000000,0.250000000,24.33333333,0.933333333
2014/5/11,¥j«F, 84.0, 20.333333,0.110000000,26,0.933333333
2014/5/12,¥j«F, 67.0, 38.333333,0.276666667,28,1.2
2014/5/13,¥j«F, 42.0, 47.666667,0.396666667,25.66666667,0.9
2014/5/14,¥j«F, 25.0, 35.333333,0.240000000,29.33333333,1.466666667
2014/5/15,¥j«F, 65.0, 53.333333,0.350000000,27,1.266666667
2014/5/16,¥j«F, 69.0, 30.000000,0.160000000,23.66666667,2.466666667
2014/5/17,¥j«F, 54.0, 37.666667,0.393333333,26.33333333,1.4
2014/5/18,¥j«F, 34.0, 28.333333,0.216666667,27.33333333,1.333333333
2014/5/19,¥j«F,  9.6, 57.666667,0.413333333,27,1.1
2014/5/20,¥j«F, 44.0, 66.000000,0.423333333,25.66666667,0.966666667
2014/5/21,¥j«F, 59.0, 33.666667,0.136666667,19.66666667,2.566666667
2014/5/22,¥j«F, 35.0, 60.333333,0.410000000,23.33333333,0.766666667
2014/5/23,¥j«F, 32.0, 75.666667,0.840000000,25.33333333,1.333333333
2014/5/24,¥j«F, 86.0, 37.000000,0.243333333,27,1.1
2014/5/25,¥j«F, 59.0, 26.000000,0.193333333,27,1.5
2014/5/26,¥j«F, 53.0, 35.333333,0.243333333,29.33333333,2.566666667
2014/5/27,¥j«F, 46.0, 58.333333,0.440000000,26.33333333,1.166666667
2014/5/28,¥j«F, 62.0, 49.333333,0.420000000,28.33333333,1.466666667
2014/5/29,¥j«F, 20.0, 47.666667,0.296666667,25.66666667,1.566666667
2014/5/30,¥j«F, 34.0, 30.000000,0.286666667,28.66666667,1.266666667
2014/5/31,¥j«F, 83.0, 30.333333,0.243333333,27.33333333,0.966666667
2014/6/1,¥j«F, 59.0, 28.666667,0.253333333,28,1.533333333
2014/6/2,¥j«F, 48.0, 22.333333,0.163333333,29,1.766666667
2014/6/3,¥j«F, 37.0, 36.666667,0.273333333,29,2.333333333
2014/6/4,¥j«F, 45.0, 32.333333,NA,28,1.066666667
2014/6/5,¥j«F, 47.0, 43.000000,NA,28,1.2
2014/6/6,¥j«F, 51.0, 44.333333,NA,25,0.933333333
2014/6/7,¥j«F, 31.0, 40.000000,0.403333333,26.33333333,0.966666667
2014/6/8,¥j«F, 30.0, 28.666667,0.323333333,27.33333333,1.133333333
2014/6/9,¥j«F, 29.0, 55.666667,0.460000000,26.33333333,1.833333333
2014/6/10,¥j«F, 27.0, 30.000000,NA,27.33333333,2.1
2014/6/11,¥j«F, 23.0, 34.333333,NA,26,1.733333333
2014/6/12,¥j«F, 35.0, 22.666667,NA,26,2.833333333
2014/6/13,¥j«F, 59.0, 21.666667,0.096666667,28,3.7
2014/6/14,¥j«F,100.0, 21.000000,0.113333333,28,2.233333333
2014/6/15,¥j«F, 58.0, 24.000000,0.203333333,28.66666667,1.366666667
2014/6/16,¥j«F, 42.0, 37.000000,0.290000000,30,1.3
2014/6/17,¥j«F, 46.0, 39.666667,0.340000000,29,1.766666667
2014/6/18,¥j«F, 59.0, 27.666667,0.210000000,31,2.566666667
2014/6/19,¥j«F, 41.0, 32.000000,0.263333333,30,1.333333333
2014/6/20,¥j«F, 67.0, 38.333333,0.293333333,29.66666667,1.233333333
2014/6/21,¥j«F, 95.0, 32.333333,0.270000000,29.33333333,1.666666667
2014/6/22,¥j«F, 46.0, 25.333333,0.236666667,30.66666667,1.333333333
2014/6/23,¥j«F, 42.0, 40.666667,0.316666667,29,0.933333333
2014/6/24,¥j«F, 31.0, 51.333333,0.373333333,29.33333333,1.5
2014/6/25,¥j«F, 35.0, 43.666667,0.346666667,29.33333333,1.7
2014/6/26,¥j«F, 48.0, 36.333333,0.286666667,30,2.433333333
2014/6/27,¥j«F, 60.0, 31.666667,0.320000000,30.66666667,1.466666667
2014/6/28,¥j«F, 87.0, 41.000000,0.320000000,30.33333333,1.566666667
2014/6/29,¥j«F, 45.0, 31.666667,0.270000000,30,1.766666667
2014/6/30,¥j«F, 65.0, 31.666667,0.263333333,29.66666667,1.233333333
2014/7/1,¥j«F, 60.0, 34.000000,0.273333333,30,1.2
2014/7/2,¥j«F, 64.0, 30.666667,0.290000000,30,1.666666667
2014/7/3,¥j«F, 78.0, 27.666667,0.193333333,30.66666667,1.366666667
2014/7/4,¥j«F, 85.0, 31.333333,0.260000000,30.66666667,1.7
2014/7/5,¥j«F,115.0, 28.666667,0.243333333,30.33333333,1.4
2014/7/6,¥j«F,110.0, 21.666667,0.193333333,31.66666667,1.5
2014/7/7,¥j«F, 21.0, 28.666667,0.203333333,32.66666667,3.133333333
2014/7/8,¥j«F, 27.0, 17.666667,0.123333333,28.66666667,3.9
2014/7/9,¥j«F, 75.0, 31.333333,0.246666667,31.33333333,2.433333333
2014/7/10,¥j«F, 51.0, 32.000000,0.276666667,31.66666667,2.166666667
2014/7/11,¥j«F, 64.0, 30.666667,0.243333333,31.66666667,1.766666667
2014/7/12,¥j«F, 77.0, 25.333333,0.206666667,31,1.433333333
2014/7/13,¥j«F, 61.0, 21.000000,0.150000000,32,2.233333333
2014/7/14,¥j«F, 78.0, 28.333333,0.206666667,31.66666667,1.566666667
2014/7/15,¥j«F, 91.0, 30.000000,0.280000000,30.66666667,1.6
2014/7/16,¥j«F, 20.0, 30.000000,0.160000000,30.33333333,1.8
2014/7/17,¥j«F, 17.0, 29.000000,0.206666667,32.33333333,1.8
2014/7/18,¥j«F, 36.0, 24.000000,0.110000000,32.66666667,3
2014/7/19,¥j«F, 24.0, 21.333333,0.120000000,31,2
2014/7/20,¥j«F, 17.0, 11.233333,0.043333333,32,3.266666667
2014/7/21,¥j«F, 16.0, 14.333333,0.066666667,32,4.733333333
2014/7/22,¥j«F, 19.0, 27.666667,0.143333333,30,3.666666667
2014/7/23,¥j«F, 29.0,  4.233333,0.006666667,28,8.266666667
2014/7/24,¥j«F, 52.0, 38.000000,0.293333333,29,1.666666667
2014/7/25,¥j«F, 79.0, 33.000000,0.230000000,31,1.433333333
2014/7/26,¥j«F, 44.0, 27.666667,0.170000000,29,1.4
2014/7/27,¥j«F, 70.0, 19.333333,0.133333333,30.33333333,1.533333333
2014/7/28,¥j«F, 31.0, 24.000000,0.130000000,30.66666667,1.733333333
2014/7/29,¥j«F, 20.0, 25.333333,0.126666667,31.33333333,2.066666667
2014/7/30,¥j«F, 18.0, 24.666667,0.113333333,31,2.533333333
2014/7/31,¥j«F, 27.0, 31.000000,0.293333333,28.33333333,2.7
2014/8/1,¥j«F, 70.0, 37.000000,0.296666667,31.33333333,2.7
2014/8/2,¥j«F, 76.0, 23.666667,0.183333333,32,1.5
2014/8/3,¥j«F, 89.0, 18.333333,0.113333333,30.33333333,1.6
2014/8/4,¥j«F, 74.0, 38.000000,0.286666667,30,1.366666667
2014/8/5,¥j«F, 30.0, 43.333333,0.346666667,30,1.733333333
2014/8/6,¥j«F, 50.0, 39.666667,0.310000000,29.66666667,1.566666667
2014/8/7,¥j«F, 65.0, 36.666667,0.316666667,30.66666667,1.666666667
2014/8/8,¥j«F, 60.0, 29.000000,0.243333333,30.66666667,2.466666667
2014/8/9,¥j«F, 57.0, 22.000000,0.163333333,31,2.3
2014/8/10,¥j«F, 55.0, 17.333333,0.130000000,30.66666667,1.7
2014/8/11,¥j«F, 67.0, 48.333333,0.383333333,29,1.4
2014/8/12,¥j«F, 69.0, 50.000000,0.346666667,29.66666667,1.533333333
2014/8/13,¥j«F, 62.0, 28.666667,0.173333333,30.66666667,1.566666667
2014/8/14,¥j«F, 68.0, 32.000000,0.206666667,30,1.233333333
2014/8/15,¥j«F, 61.0, 28.000000,0.210000000,30.33333333,2.066666667
2014/8/16,¥j«F, 85.0, 24.000000,0.206666667,30.66666667,1.5
2014/8/17,¥j«F, 40.0, 19.333333,0.130000000,29.66666667,1.533333333
2014/8/18,¥j«F, 44.0, 41.666667,0.260000000,30,1.5
2014/8/19,¥j«F, 57.0, 44.333333,0.320000000,28.33333333,1.333333333
2014/8/20,¥j«F, 54.0, 33.000000,0.203333333,29.33333333,1.8
2014/8/21,¥j«F, 63.0, 39.333333,0.230000000,29.66666667,1.333333333
2014/8/22,¥j«F, 84.0, 31.666667,0.203333333,29.33333333,1.4
2014/8/23,¥j«F, 88.0, 25.000000,0.200000000,29,1.666666667
2014/8/24,¥j«F, 83.0, 21.333333,0.133333333,29,2.1
2014/8/25,¥j«F,106.0, 33.666667,0.256666667,29.66666667,1.633333333
2014/8/26,¥j«F, 29.0, 33.333333,0.193333333,30,1.7
2014/8/27,¥j«F,124.0, 33.666667,0.236666667,31.33333333,1.7
2014/8/28,¥j«F,109.0, 28.000000,0.200000000,30,1.733333333
2014/8/29,¥j«F, 26.0, 27.666667,0.180000000,31.33333333,1.866666667
2014/8/30,¥j«F, 86.0, 31.333333,0.213333333,30.33333333,1.5
2014/8/31,¥j«F, 80.0, 25.000000,0.180000000,29.33333333,1.966666667
2014/9/1,¥j«F, 82.0, 37.000000,0.266666667,30,1.7
2014/9/2,¥j«F, 82.0, 30.000000,0.253333333,30,1.633333333
2014/9/3,¥j«F, 82.0, 35.666667,0.303333333,30,1.7
2014/9/4,¥j«F, 50.0, 42.000000,0.283333333,30.66666667,2.066666667
2014/9/5,¥j«F, 18.0, 27.666667,0.136666667,31.33333333,3.1
2014/9/6,¥j«F, 21.0, 15.333333,0.060000000,31.66666667,2.433333333
2014/9/7,¥j«F, 57.0, 16.666667,0.116666667,30.33333333,1.7
2014/9/8,¥j«F, 49.0, 18.666667,0.126666667,30,1.866666667
2014/9/9,¥j«F, 50.0, 34.000000,0.240000000,30,1.9
2014/9/10,¥j«F, 81.0, 38.333333,0.300000000,29.33333333,1.5
2014/9/11,¥j«F, 68.0, 38.666667,0.253333333,30,1.8
2014/9/12,¥j«F, 53.0, 43.000000,0.320000000,30,1.433333333
2014/9/13,¥j«F, 68.0, 21.333333,0.126666667,30,1.666666667
2014/9/14,¥j«F, 29.0, 12.333333,0.050000000,31,3.233333333
2014/9/15,¥j«F, 22.0, 12.666667,0.046666667,33,6.3
2014/9/16,¥j«F,114.0, 32.666667,0.186666667,32,1.4
2014/9/17,¥j«F, 72.0, 36.000000,0.240000000,31,1.866666667
2014/9/18,¥j«F, 23.0, 22.333333,0.093333333,31,3.633333333
2014/9/19,¥j«F, 29.0, 20.666667,0.083333333,32,4.1
2014/9/20,¥j«F, 25.0, 11.666667,0.036666667,32,4.133333333
2014/9/21,¥j«F, 28.0, 13.000000,NA,32,4.233333333
2014/9/22,¥j«F, 45.0, 34.000000,0.256666667,25,1.5
2014/9/23,¥j«F, 78.0, 52.000000,0.376666667,28,1.366666667
2014/9/24,¥j«F, 40.0, 53.666667,0.416666667,27,0.8
2014/9/25,¥j«F, 52.0, 37.333333,0.213333333,28,1.8
2014/9/26,¥j«F, 46.0, 34.000000,0.150000000,27.33333333,2.466666667
2014/9/27,¥j«F, 59.0, 34.000000,0.186666667,27.33333333,0.933333333
2014/9/28,¥j«F, 44.0, 17.000000,0.073333333,27.66666667,2.766666667
2014/9/29,¥j«F,123.0, 45.000000,NA,27,1.366666667
2014/9/30,¥j«F, 45.0, 40.666667,0.206666667,28,1.833333333
2014/10/1,¥j«F, 41.0, 34.000000,0.146666667,25.66666667,2.233333333
2014/10/2,¥j«F, 42.0, 30.000000,0.136666667,28,2.633333333
2014/10/3,¥j«F, 56.0, 30.333333,0.123333333,26.66666667,3.1
2014/10/4,¥j«F, 53.0, 35.333333,0.173333333,24,1.533333333
2014/10/5,¥j«F, 56.0, 17.666667,0.063333333,25.33333333,1.7
2014/10/6,¥j«F, 60.0, 26.000000,0.103333333,25,3.4
2014/10/7,¥j«F, 54.0, 28.000000,0.100000000,23.33333333,3.2
2014/10/8,¥j«F, 40.0, 33.000000,0.136666667,25,3.1
2014/10/9,¥j«F, 43.0, 49.000000,0.220000000,23.66666667,2
2014/10/10,¥j«F, 35.0, 13.333333,0.043333333,26,1.866666667
2014/10/11,¥j«F, 38.0, 26.333333,0.140000000,24.33333333,1.5
2014/10/12,¥j«F, 51.0, 25.333333,0.143333333,23,2.033333333
2014/10/13,¥j«F, 57.0, 42.666667,0.260000000,23,1.6
2014/10/14,¥j«F, 56.0, 34.333333,0.140000000,23,2.866666667
2014/10/15,¥j«F, 77.0, 44.333333,0.213333333,22.66666667,2.766666667
2014/10/16,¥j«F, 68.0, 46.666667,0.216666667,21.66666667,2.666666667
2014/10/17,¥j«F, 47.0, 29.666667,0.126666667,23.66666667,2.833333333
2014/10/18,¥j«F, 56.0, 20.333333,0.063333333,25.33333333,2.966666667
2014/10/19,¥j«F, 39.0, 21.666667,0.086666667,26.66666667,3
2014/10/20,¥j«F, 61.0, 46.666667,0.273333333,26.33333333,1.2
2014/10/21,¥j«F,104.0, 42.000000,0.320000000,26,1.333333333
2014/10/22,¥j«F, 38.0, 36.666667,0.216666667,25.66666667,3
2014/10/23,¥j«F, 43.0, 28.000000,0.170000000,24,3.3
2014/10/24,¥j«F, 44.0, 32.333333,0.130000000,24,3.333333333
2014/10/25,¥j«F, 38.0, 22.666667,0.090000000,24,3
2014/10/26,¥j«F, 62.0, 25.666667,0.143333333,25.33333333,1.3
2014/10/27,¥j«F, 63.0, 27.333333,0.103333333,25.66666667,3.433333333
2014/10/28,¥j«F, 53.0, 22.666667,0.083333333,24,3.4
2014/10/29,¥j«F, 45.0, 32.000000,0.126666667,26.33333333,3.233333333
2014/10/30,¥j«F, 41.0, 25.333333,0.100000000,27.66666667,2.733333333
2014/10/31,¥j«F,101.0, 39.000000,0.220000000,26,1.466666667
2014/11/1,¥j«F, 31.0, 35.000000,0.200000000,25.33333333,1.966666667
2014/11/2,¥j«F, 42.0, 21.333333,0.110000000,24,1.7
2014/11/3,¥j«F, 51.0, 31.666667,0.140000000,21,2.866666667
2014/11/4,¥j«F, 37.0, 38.333333,0.133333333,21,2.466666667
2014/11/5,¥j«F, 37.0, 43.666667,0.166666667,21.66666667,2.7
2014/11/6,¥j«F, 39.0, 46.000000,0.240000000,21.33333333,2.033333333
2014/11/7,¥j«F, 49.0, 29.000000,0.100000000,22.66666667,3.2
2014/11/8,¥j«F, 50.0, 30.000000,0.106666667,25,2.433333333
2014/11/9,¥j«F, 35.0, 28.333333,0.186666667,22.66666667,0.933333333
2014/11/10,¥j«F, 40.0, 24.333333,0.093333333,22.66666667,3.366666667
2014/11/11,¥j«F, 41.0, 23.000000,0.096666667,22.66666667,3.366666667
2014/11/12,¥j«F, 45.0, 37.333333,0.163333333,21.66666667,2.5
2014/11/13,¥j«F, 56.0, 42.333333,0.163333333,17.33333333,2.6
2014/11/14,¥j«F, 40.0, 27.333333,0.110000000,19.33333333,3.333333333
2014/11/15,¥j«F, 39.0, 33.333333,0.110000000,20.33333333,2.833333333
2014/11/16,¥j«F, 29.0, 38.666667,0.210000000,21.33333333,1.333333333
2014/11/17,¥j«F, 49.0, 33.666667,0.113333333,21,2.066666667
2014/11/18,¥j«F, 47.0, 47.666667,0.180000000,18.33333333,2
2014/11/19,¥j«F, 38.0, 31.666667,0.103333333,20.33333333,3.133333333
2014/11/20,¥j«F, 39.0, 38.500000,0.156666667,21.33333333,3.1
2014/11/21,¥j«F, 42.0, 69.000000,0.396666667,22.33333333,1.5
2014/11/22,¥j«F, 30.0, 29.000000,0.123333333,24,2.633333333
2014/11/23,¥j«F, 36.0, 15.000000,0.060000000,25.66666667,2.766666667
2014/11/24,¥j«F, 87.0, 54.333333,0.310000000,23.33333333,1.233333333
2014/11/25,¥j«F,101.0, 59.666667,0.363333333,21,1.766666667
2014/11/26,¥j«F, 39.0, 41.333333,0.213333333,22.66666667,2.8
2014/11/27,¥j«F, 39.0, 29.333333,0.130000000,23,3.2
2014/11/28,¥j«F, 51.0, 55.333333,0.330000000,24.66666667,1.066666667
2014/11/29,¥j«F, 63.0, 35.333333,0.183333333,25.33333333,1.233333333
2014/11/30,¥j«F, 44.0, 26.000000,0.250000000,24.33333333,0.566666667
2014/12/1,¥j«F, 35.0, 34.333333,0.180000000,19,2.8
2014/12/2,¥j«F, 34.0, 32.000000,0.140000000,15.66666667,3
2014/12/3,¥j«F, 35.0, 29.333333,0.113333333,21.66666667,2.9
2014/12/4,¥j«F, 26.0, 47.000000,0.220000000,15.33333333,1.5
2014/12/5,¥j«F, 32.0, 34.666667,0.140000000,15,3.366666667
2014/12/6,¥j«F, 42.0, 17.333333,0.063333333,15.66666667,3.533333333
2014/12/7,¥j«F, 44.0, 26.666667,0.103333333,19.33333333,2.633333333
2014/12/8,¥j«F, 41.0, 33.000000,0.106666667,17,2.5
2014/12/9,¥j«F, 41.0, 29.000000,0.120000000,17.33333333,2.9
2014/12/10,¥j«F, 38.0,100.333333,0.753333333,19.66666667,0.833333333
2014/12/11,¥j«F, 15.0, 48.000000,0.250000000,18,3
2014/12/12,¥j«F, 28.0, 45.666667,0.210000000,14,1.866666667
2014/12/13,¥j«F, 35.0, 31.333333,0.106666667,14.33333333,3.2
2014/12/14,¥j«F, 40.0, 15.000000,NA,16,3.4
2014/12/15,¥j«F, 35.0, 71.666667,0.393333333,18,1.233333333
2014/12/16,¥j«F, 35.0, 31.666667,0.126666667,15.33333333,2.2
2014/12/17,¥j«F, 36.0, 27.000000,0.113333333,11.66666667,2.833333333
2014/12/18,¥j«F, 33.0, 32.666667,0.110000000,15,3.1
2014/12/19,¥j«F, 32.0, 83.666667,0.410000000,17.33333333,0.9
2014/12/20,¥j«F, 40.0, 31.000000,0.136666667,16,1.966666667
2014/12/21,¥j«F, 47.0, 20.000000,0.080000000,17,2.666666667
2014/12/22,¥j«F, 42.0, 31.000000,0.123333333,13.33333333,3.733333333
2014/12/23,¥j«F, 37.0, 48.000000,0.180000000,18,2.1
2014/12/24,¥j«F, 49.0, 59.000000,0.330000000,17.33333333,1.233333333
2014/12/25,¥j«F, 46.0, 38.333333,0.166666667,17.66666667,3.066666667
2014/12/26,¥j«F, 40.0, 25.000000,0.086666667,16.33333333,3.866666667
2014/12/27,¥j«F, 41.0, 32.666667,0.110000000,17,2.366666667
2014/12/28,¥j«F, 37.0, 33.000000,0.126666667,16,1.433333333
2014/12/29,¥j«F, 52.0, 69.666667,0.393333333,14,1.366666667
2014/12/30,¥j«F, 53.0, 57.000000,0.240000000,15.33333333,2.266666667
2014/12/31,¥j«F, 46.0, 96.000000,0.456666667,14.33333333,1.333333333
